giornata,anno,partita,risultato,partita_short
1,2019,Parma - Juventus,0 - 1,PAR - JUV
1,2019,Fiorentina - Napoli,3 - 4,FIO - NAP
1,2019,Udinese - Milan,1 - 0,UDI - MIL
1,2019,Cagliari - Brescia,0 - 1,CAG - BRE
1,2019,Verona - Bologna,1 - 1,VER - BOL
1,2019,Roma - Genoa,3 - 3,ROM - GEN
1,2019,Sampdoria - Lazio,0 - 3,SAM - LAZ
1,2019,Spal - Atalanta,2 - 3,SPA - ATA
1,2019,Torino - Sassuolo,2 - 1,TOR - SAS
1,2019,Inter - Lecce,4 - 0,INT - LEC
2,2019,Bologna - Spal,1 - 0,BOL - SPA
2,2019,Milan - Brescia,1 - 0,MIL - BRE
2,2019,Juventus - Napoli,4 - 3,JUV - NAP
2,2019,Lazio - Roma,1 - 1,LAZ - ROM
2,2019,Atalanta - Torino,2 - 3,ATA - TOR
2,2019,Cagliari - Inter,1 - 2,CAG - INT
2,2019,Genoa - Fiorentina,2 - 1,GEN - FIO
2,2019,Lecce - Verona,0 - 1,LEC - VER
2,2019,Sassuolo - Sampdoria,4 - 1,SAS - SAM
2,2019,Udinese - Parma,1 - 3,UDI - PAR
3,2019,Fiorentina - Juventus,0 - 0,FIO - JUV
3,2019,Napoli - Sampdoria,2 - 0,NAP - SAM
3,2019,Inter - Udinese,1 - 0,INT - UDI
3,2019,Genoa - Atalanta,1 - 2,GEN - ATA
3,2019,Brescia - Bologna,3 - 4,BRE - BOL
3,2019,Parma - Cagliari,1 - 3,PAR - CAG
3,2019,Spal - Lazio,2 - 1,SPA - LAZ
3,2019,Roma - Sassuolo,4 - 2,ROM - SAS
3,2019,Verona - Milan,0 - 1,VER - MIL
3,2019,Torino - Lecce,1 - 2,TOR - LEC
4,2019,Cagliari - Genoa,3 - 1,CAG - GEN
4,2019,Udinese - Brescia,0 - 1,UDI - BRE
4,2019,Juventus - Verona,2 - 1,JUV - VER
4,2019,Milan - Inter,0 - 2,MIL - INT
4,2019,Sassuolo - Spal,3 - 0,SAS - SPA
4,2019,Bologna - Roma,1 - 2,BOL - ROM
4,2019,Lecce - Napoli,1 - 4,LEC - NAP
4,2019,Sampdoria - Torino,1 - 0,SAM - TOR
4,2019,Atalanta - Fiorentina,2 - 2,ATA - FIO
4,2019,Lazio - Parma,2 - 0,LAZ - PAR
5,2019,Verona - Udinese,0 - 0,VER - UDI
5,2019,Brescia - Juventus,1 - 2,BRE - JUV
5,2019,Roma - Atalanta,0 - 2,ROM - ATA
5,2019,Fiorentina - Sampdoria,2 - 1,FIO - SAM
5,2019,Genoa - Bologna,0 - 0,GEN - BOL
5,2019,Inter - Lazio,1 - 0,INT - LAZ
5,2019,Napoli - Cagliari,0 - 1,NAP - CAG
5,2019,Parma - Sassuolo,1 - 0,PAR - SAS
5,2019,Spal - Lecce,1 - 3,SPA - LEC
5,2019,Torino - Milan,2 - 1,TOR - MIL
6,2019,Juventus - Spal,2 - 0,JUV - SPA
6,2019,Sampdoria - Inter,1 - 3,SAM - INT
6,2019,Sassuolo - Atalanta,1 - 4,SAS - ATA
6,2019,Napoli - Brescia,2 - 1,NAP - BRE
6,2019,Lazio - Genoa,4 - 0,LAZ - GEN
6,2019,Lecce - Roma,0 - 1,LEC - ROM
6,2019,Udinese - Bologna,1 - 0,UDI - BOL
6,2019,Cagliari - Verona,1 - 1,CAG - VER
6,2019,Milan - Fiorentina,1 - 3,MIL - FIO
6,2019,Parma - Torino,3 - 2,PAR - TOR
7,2019,Spal - Parma,1 - 0,SPA - PAR
7,2019,Verona - Sampdoria,2 - 0,VER - SAM
7,2019,Genoa - Milan,1 - 2,GEN - MIL
7,2019,Fiorentina - Udinese,1 - 0,FIO - UDI
7,2019,Atalanta - Lecce,3 - 1,ATA - LEC
7,2019,Bologna - Lazio,2 - 2,BOL - LAZ
7,2019,Roma - Cagliari,1 - 1,ROM - CAG
7,2019,Torino - Napoli,0 - 0,TOR - NAP
7,2019,Inter - Juventus,1 - 2,INT - JUV
7,2019,Brescia - Sassuolo,0 - 2,BRE - SAS
8,2019,Lazio - Atalanta,3 - 3,LAZ - ATA
8,2019,Napoli - Verona,2 - 0,NAP - VER
8,2019,Juventus - Bologna,2 - 1,JUV - BOL
8,2019,Sassuolo - Inter,3 - 4,SAS - INT
8,2019,Cagliari - Spal,2 - 0,CAG - SPA
8,2019,Sampdoria - Roma,0 - 0,SAM - ROM
8,2019,Udinese - Torino,1 - 0,UDI - TOR
8,2019,Parma - Genoa,5 - 1,PAR - GEN
8,2019,Milan - Lecce,2 - 2,MIL - LEC
8,2019,Brescia - Fiorentina,0 - 0,BRE - FIO
9,2019,Verona - Sassuolo,0 - 1,VER - SAS
9,2019,Lecce - Juventus,1 - 1,LEC - JUV
9,2019,Inter - Parma,2 - 2,INT - PAR
9,2019,Genoa - Brescia,3 - 1,GEN - BRE
9,2019,Bologna - Sampdoria,2 - 1,BOL - SAM
9,2019,Atalanta - Udinese,7 - 1,ATA - UDI
9,2019,Spal - Napoli,1 - 1,SPA - NAP
9,2019,Torino - Cagliari,1 - 1,TOR - CAG
9,2019,Roma - Milan,2 - 1,ROM - MIL
9,2019,Fiorentina - Lazio,1 - 2,FIO - LAZ
10,2019,Parma - Verona,0 - 1,PAR - VER
10,2019,Brescia - Inter,1 - 2,BRE - INT
10,2019,Napoli - Atalanta,2 - 2,NAP - ATA
10,2019,Cagliari - Bologna,3 - 2,CAG - BOL
10,2019,Juventus - Genoa,2 - 1,JUV - GEN
10,2019,Lazio - Torino,4 - 0,LAZ - TOR
10,2019,Sampdoria - Lecce,1 - 1,SAM - LEC
10,2019,Sassuolo - Fiorentina,1 - 2,SAS - FIO
10,2019,Udinese - Roma,0 - 4,UDI - ROM
10,2019,Milan - Spal,1 - 0,MIL - SPA
11,2019,Roma - Napoli,2 - 1,ROM - NAP
11,2019,Bologna - Inter,1 - 2,BOL - INT
11,2019,Torino - Juventus,0 - 1,TOR - JUV
11,2019,Atalanta - Cagliari,0 - 2,ATA - CAG
11,2019,Genoa - Udinese,1 - 3,GEN - UDI
11,2019,Verona - Brescia,2 - 1,VER - BRE
11,2019,Lecce - Sassuolo,2 - 2,LEC - SAS
11,2019,Fiorentina - Parma,1 - 1,FIO - PAR
11,2019,Milan - Lazio,1 - 2,MIL - LAZ
11,2019,Spal - Sampdoria,0 - 1,SPA - SAM
12,2019,Sassuolo - Bologna,3 - 1,SAS - BOL
12,2019,Brescia - Torino,0 - 4,BRE - TOR
12,2019,Inter - Verona,2 - 1,INT - VER
12,2019,Napoli - Genoa,0 - 0,NAP - GEN
12,2019,Cagliari - Fiorentina,5 - 2,CAG - FIO
12,2019,Lazio - Lecce,4 - 2,LAZ - LEC
12,2019,Sampdoria - Atalanta,0 - 0,SAM - ATA
12,2019,Udinese - Spal,0 - 0,UDI - SPA
12,2019,Parma - Roma,2 - 0,PAR - ROM
12,2019,Juventus - Milan,1 - 0,JUV - MIL
13,2019,Atalanta - Juventus,1 - 3,ATA - JUV
13,2019,Milan - Napoli,1 - 1,MIL - NAP
13,2019,Torino - Inter,0 - 3,TOR - INT
13,2019,Bologna - Parma,2 - 2,BOL - PAR
13,2019,Verona - Fiorentina,1 - 0,VER - FIO
13,2019,Roma - Brescia,3 - 0,ROM - BRE
13,2019,Sassuolo - Lazio,1 - 2,SAS - LAZ
13,2019,Sampdoria - Udinese,2 - 1,SAM - UDI
13,2019,Lecce - Cagliari,2 - 2,LEC - CAG
13,2019,Spal - Genoa,1 - 1,SPA - GEN
14,2019,Brescia - Atalanta,0 - 3,BRE - ATA
14,2019,Genoa - Torino,0 - 1,GEN - TOR
14,2019,Fiorentina - Lecce,0 - 1,FIO - LEC
14,2019,Juventus - Sassuolo,2 - 2,JUV - SAS
14,2019,Inter - Spal,2 - 1,INT - SPA
14,2019,Lazio - Udinese,3 - 0,LAZ - UDI
14,2019,Parma - Milan,0 - 1,PAR - MIL
14,2019,Napoli - Bologna,1 - 2,NAP - BOL
14,2019,Verona - Roma,1 - 3,VER - ROM
14,2019,Cagliari - Sampdoria,4 - 3,CAG - SAM
15,2019,Inter - Roma,0 - 0,INT - ROM
15,2019,Atalanta - Verona,3 - 2,ATA - VER
15,2019,Udinese - Napoli,1 - 1,UDI - NAP
15,2019,Lazio - Juventus,3 - 1,LAZ - JUV
15,2019,Lecce - Genoa,2 - 2,LEC - GEN
15,2019,Sassuolo - Cagliari,2 - 2,SAS - CAG
15,2019,Spal - Brescia,0 - 1,SPA - BRE
15,2019,Torino - Fiorentina,2 - 1,TOR - FIO
15,2019,Sampdoria - Parma,0 - 1,SAM - PAR
15,2019,Bologna - Milan,2 - 3,BOL - MIL
16,2019,Brescia - Lecce,3 - 0,BRE - LEC
16,2019,Napoli - Parma,1 - 2,NAP - PAR
16,2019,Genoa - Sampdoria,0 - 1,GEN - SAM
16,2019,Verona - Torino,3 - 3,VER - TOR
16,2019,Bologna - Atalanta,2 - 1,BOL - ATA
16,2019,Juventus - Udinese,3 - 1,JUV - UDI
16,2019,Milan - Sassuolo,0 - 0,MIL - SAS
16,2019,Roma - Spal,3 - 1,ROM - SPA
16,2019,Fiorentina - Inter,1 - 1,FIO - INT
16,2019,Cagliari - Lazio,1 - 2,CAG - LAZ
17,2019,Sampdoria - Juventus,1 - 2,SAM - JUV
17,2019,Fiorentina - Roma,1 - 4,FIO - ROM
17,2019,Udinese - Cagliari,2 - 1,UDI - CAG
17,2019,Inter - Genoa,4 - 0,INT - GEN
17,2019,Torino - Spal,1 - 2,TOR - SPA
17,2019,Atalanta - Milan,5 - 0,ATA - MIL
17,2019,Lecce - Bologna,2 - 3,LEC - BOL
17,2019,Parma - Brescia,1 - 1,PAR - BRE
17,2019,Sassuolo - Napoli,1 - 2,SAS - NAP
17,2019,Lazio - Verona,0 - 0,LAZ - VER
18,2019,Brescia - Lazio,1 - 2,BRE - LAZ
18,2019,Spal - Verona,0 - 2,SPA - VER
18,2019,Genoa - Sassuolo,2 - 1,GEN - SAS
18,2019,Roma - Torino,0 - 2,ROM - TOR
18,2019,Bologna - Fiorentina,1 - 1,BOL - FIO
18,2019,Atalanta - Parma,5 - 0,ATA - PAR
18,2019,Juventus - Cagliari,4 - 0,JUV - CAG
18,2019,Milan - Sampdoria,0 - 0,MIL - SAM
18,2019,Lecce - Udinese,0 - 1,LEC - UDI
18,2019,Napoli - Inter,1 - 3,NAP - INT
19,2019,Cagliari - Milan,0 - 2,CAG - MIL
19,2019,Lazio - Napoli,1 - 0,LAZ - NAP
19,2019,Inter - Atalanta,1 - 1,INT - ATA
19,2019,Udinese - Sassuolo,3 - 0,UDI - SAS
19,2019,Fiorentina - Spal,1 - 0,FIO - SPA
19,2019,Sampdoria - Brescia,5 - 1,SAM - BRE
19,2019,Torino - Bologna,1 - 0,TOR - BOL
19,2019,Verona - Genoa,2 - 1,VER - GEN
19,2019,Roma - Juventus,1 - 2,ROM - JUV
19,2019,Parma - Lecce,2 - 0,PAR - LEC
20,2019,Lazio - Sampdoria,5 - 1,LAZ - SAM
20,2019,Sassuolo - Torino,2 - 1,SAS - TOR
20,2019,Napoli - Fiorentina,0 - 2,NAP - FIO
20,2019,Milan - Udinese,3 - 2,MIL - UDI
20,2019,Brescia - Cagliari,2 - 2,BRE - CAG
20,2019,Bologna - Verona,1 - 1,BOL - VER
20,2019,Lecce - Inter,1 - 1,LEC - INT
20,2019,Genoa - Roma,1 - 3,GEN - ROM
20,2019,Juventus - Parma,2 - 1,JUV - PAR
20,2019,Atalanta - Spal,1 - 2,ATA - SPA
21,2019,Brescia - Milan,0 - 1,BRE - MIL
21,2019,Spal - Bologna,1 - 3,SPA - BOL
21,2019,Fiorentina - Genoa,0 - 0,FIO - GEN
21,2019,Torino - Atalanta,0 - 7,TOR - ATA
21,2019,Inter - Cagliari,1 - 1,INT - CAG
21,2019,Verona - Lecce,3 - 0,VER - LEC
21,2019,Sampdoria - Sassuolo,0 - 0,SAM - SAS
21,2019,Parma - Udinese,2 - 0,PAR - UDI
21,2019,Roma - Lazio,1 - 1,ROM - LAZ
21,2019,Napoli - Juventus,2 - 1,NAP - JUV
22,2019,Bologna - Brescia,2 - 1,BOL - BRE
22,2019,Cagliari - Parma,2 - 2,CAG - PAR
22,2019,Sassuolo - Roma,4 - 2,SAS - ROM
22,2019,Juventus - Fiorentina,3 - 0,JUV - FIO
22,2019,Atalanta - Genoa,2 - 2,ATA - GEN
22,2019,Milan - Verona,1 - 1,MIL - VER
22,2019,Lazio - Spal,5 - 1,LAZ - SPA
22,2019,Lecce - Torino,4 - 0,LEC - TOR
22,2019,Udinese - Inter,0 - 2,UDI - INT
22,2019,Sampdoria - Napoli,2 - 4,SAM - NAP
23,2019,Roma - Bologna,2 - 3,ROM - BOL
23,2019,Fiorentina - Atalanta,1 - 2,FIO - ATA
23,2019,Torino - Sampdoria,1 - 3,TOR - SAM
23,2019,Verona - Juventus,2 - 1,VER - JUV
23,2019,Spal - Sassuolo,1 - 2,SPA - SAS
23,2019,Genoa - Cagliari,1 - 0,GEN - CAG
23,2019,Napoli - Lecce,2 - 3,NAP - LEC
23,2019,Brescia - Udinese,1 - 1,BRE - UDI
23,2019,Parma - Lazio,0 - 1,PAR - LAZ
23,2019,Inter - Milan,4 - 2,INT - MIL
24,2019,Lecce - Spal,2 - 1,LEC - SPA
24,2019,Bologna - Genoa,0 - 3,BOL - GEN
24,2019,Atalanta - Roma,2 - 1,ATA - ROM
24,2019,Udinese - Verona,0 - 0,UDI - VER
24,2019,Juventus - Brescia,2 - 0,JUV - BRE
24,2019,Sampdoria - Fiorentina,1 - 5,SAM - FIO
24,2019,Sassuolo - Parma,0 - 1,SAS - PAR
24,2019,Cagliari - Napoli,0 - 1,CAG - NAP
24,2019,Lazio - Inter,2 - 1,LAZ - INT
24,2019,Milan - Torino,1 - 0,MIL - TOR
25,2019,Brescia - Napoli,1 - 2,BRE - NAP
25,2019,Bologna - Udinese,1 - 1,BOL - UDI
25,2019,Spal - Juventus,1 - 2,SPA - JUV
25,2019,Fiorentina - Milan,1 - 1,FIO - MIL
25,2019,Genoa - Lazio,2 - 3,GEN - LAZ
25,2019,Roma - Lecce,4 - 0,ROM - LEC
25,2019,Torino - Parma,1 - 1,TOR - PAR
25,2019,Verona - Cagliari,2 - 1,VER - CAG
25,2019,Atalanta - Sassuolo,4 - 1,ATA - SAS
25,2019,Inter - Sampdoria,2 - 1,INT - SAM
26,2019,Lazio - Bologna,2 - 0,LAZ - BOL
26,2019,Napoli - Torino,2 - 1,NAP - TOR
26,2019,Lecce - Atalanta,2 - 7,LEC - ATA
26,2019,Cagliari - Roma,3 - 4,CAG - ROM
26,2019,Parma - Spal,0 - 1,PAR - SPA
26,2019,Milan - Genoa,1 - 2,MIL - GEN
26,2019,Sampdoria - Verona,2 - 1,SAM - VER
26,2019,Udinese - Fiorentina,0 - 0,UDI - FIO
26,2019,Juventus - Inter,2 - 0,JUV - INT
26,2019,Sassuolo - Brescia,3 - 0,SAS - BRE
27,2019,Fiorentina - Brescia,1 - 1,FIO - BRE
27,2019,Lecce - Milan,1 - 4,LEC - MIL
27,2019,Bologna - Juventus,0 - 2,BOL - JUV
27,2019,Spal - Cagliari,0 - 1,SPA - CAG
27,2019,Verona - Napoli,0 - 2,VER - NAP
27,2019,Genoa - Parma,1 - 4,GEN - PAR
27,2019,Torino - Udinese,1 - 0,TOR - UDI
27,2019,Inter - Sassuolo,3 - 3,INT - SAS
27,2019,Atalanta - Lazio,3 - 2,ATA - LAZ
27,2019,Roma - Sampdoria,2 - 1,ROM - SAM
28,2019,Juventus - Lecce,4 - 0,JUV - LEC
28,2019,Brescia - Genoa,2 - 2,BRE - GEN
28,2019,Cagliari - Torino,4 - 2,CAG - TOR
28,2019,Lazio - Fiorentina,2 - 1,LAZ - FIO
28,2019,Milan - Roma,2 - 0,MIL - ROM
28,2019,Udinese - Atalanta,2 - 3,UDI - ATA
28,2019,Sampdoria - Bologna,1 - 2,SAM - BOL
28,2019,Sassuolo - Verona,3 - 3,SAS - VER
28,2019,Napoli - Spal,3 - 1,NAP - SPA
28,2019,Parma - Inter,1 - 2,PAR - INT
29,2019,Torino - Lazio,1 - 2,TOR - LAZ
29,2019,Genoa - Juventus,1 - 3,GEN - JUV
29,2019,Inter - Brescia,6 - 0,INT - BRE
29,2019,Bologna - Cagliari,1 - 1,BOL - CAG
29,2019,Spal - Milan,2 - 2,SPA - MIL
29,2019,Verona - Parma,3 - 2,VER - PAR
29,2019,Lecce - Sampdoria,1 - 2,LEC - SAM
29,2019,Fiorentina - Sassuolo,1 - 3,FIO - SAS
29,2019,Atalanta - Napoli,2 - 0,ATA - NAP
29,2019,Roma - Udinese,0 - 2,ROM - UDI
30,2019,Juventus - Torino,4 - 1,JUV - TOR
30,2019,Sassuolo - Lecce,4 - 2,SAS - LEC
30,2019,Lazio - Milan,0 - 3,LAZ - MIL
30,2019,Inter - Bologna,1 - 2,INT - BOL
30,2019,Cagliari - Atalanta,0 - 1,CAG - ATA
30,2019,Parma - Fiorentina,1 - 2,PAR - FIO
30,2019,Udinese - Genoa,2 - 2,UDI - GEN
30,2019,Brescia - Verona,2 - 0,BRE - VER
30,2019,Sampdoria - Spal,3 - 0,SAM - SPA
30,2019,Napoli - Roma,2 - 1,NAP - ROM
31,2019,Lecce - Lazio,2 - 1,LEC - LAZ
31,2019,Milan - Juventus,4 - 2,MIL - JUV
31,2019,Fiorentina - Cagliari,0 - 0,FIO - CAG
31,2019,Genoa - Napoli,1 - 2,GEN - NAP
31,2019,Torino - Brescia,3 - 1,TOR - BRE
31,2019,Roma - Parma,2 - 1,ROM - PAR
31,2019,Atalanta - Sampdoria,2 - 0,ATA - SAM
31,2019,Bologna - Sassuolo,1 - 2,BOL - SAS
31,2019,Spal - Udinese,0 - 3,SPA - UDI
31,2019,Verona - Inter,2 - 2,VER - INT
32,2019,Lazio - Sassuolo,1 - 2,LAZ - SAS
32,2019,Brescia - Roma,0 - 3,BRE - ROM
32,2019,Juventus - Atalanta,2 - 2,JUV - ATA
32,2019,Genoa - Spal,2 - 0,GEN - SPA
32,2019,Parma - Bologna,2 - 2,PAR - BOL
32,2019,Fiorentina - Verona,1 - 1,FIO - VER
32,2019,Cagliari - Lecce,0 - 0,CAG - LEC
32,2019,Udinese - Sampdoria,1 - 3,UDI - SAM
32,2019,Napoli - Milan,2 - 2,NAP - MIL
32,2019,Inter - Torino,3 - 1,INT - TOR
33,2019,Atalanta - Brescia,6 - 2,ATA - BRE
33,2019,Sampdoria - Cagliari,3 - 0,SAM - CAG
33,2019,Bologna - Napoli,1 - 1,BOL - NAP
33,2019,Milan - Parma,3 - 1,MIL - PAR
33,2019,Lecce - Fiorentina,1 - 3,LEC - FIO
33,2019,Roma - Verona,2 - 1,ROM - VER
33,2019,Sassuolo - Juventus,3 - 3,SAS - JUV
33,2019,Udinese - Lazio,0 - 0,UDI - LAZ
33,2019,Torino - Genoa,3 - 0,TOR - GEN
33,2019,Spal - Inter,0 - 4,SPA - INT
34,2019,Verona - Atalanta,1 - 1,VER - ATA
34,2019,Cagliari - Sassuolo,1 - 1,CAG - SAS
34,2019,Milan - Bologna,5 - 1,MIL - BOL
34,2019,Parma - Sampdoria,2 - 3,PAR - SAM
34,2019,Genoa - Lecce,2 - 1,GEN - LEC
34,2019,Brescia - Spal,2 - 1,BRE - SPA
34,2019,Fiorentina - Torino,2 - 0,FIO - TOR
34,2019,Napoli - Udinese,2 - 1,NAP - UDI
34,2019,Roma - Inter,2 - 2,ROM - INT
34,2019,Juventus - Lazio,2 - 1,JUV - LAZ
35,2019,Atalanta - Bologna,1 - 0,ATA - BOL
35,2019,Sassuolo - Milan,1 - 2,SAS - MIL
35,2019,Parma - Napoli,2 - 1,PAR - NAP
35,2019,Lecce - Brescia,3 - 1,LEC - BRE
35,2019,Inter - Fiorentina,0 - 0,INT - FIO
35,2019,Sampdoria - Genoa,1 - 2,SAM - GEN
35,2019,Torino - Verona,1 - 1,TOR - VER
35,2019,Spal - Roma,1 - 6,SPA - ROM
35,2019,Udinese - Juventus,2 - 1,UDI - JUV
35,2019,Lazio - Cagliari,2 - 1,LAZ - CAG
36,2019,Milan - Atalanta,1 - 1,MIL - ATA
36,2019,Brescia - Parma,1 - 2,BRE - PAR
36,2019,Genoa - Inter,0 - 3,GEN - INT
36,2019,Napoli - Sassuolo,2 - 0,NAP - SAS
36,2019,Bologna - Lecce,3 - 2,BOL - LEC
36,2019,Roma - Fiorentina,2 - 1,ROM - FIO
36,2019,Verona - Lazio,1 - 5,VER - LAZ
36,2019,Spal - Torino,1 - 1,SPA - TOR
36,2019,Cagliari - Udinese,0 - 1,CAG - UDI
36,2019,Juventus - Sampdoria,2 - 0,JUV - SAM
37,2019,Parma - Atalanta,1 - 2,PAR - ATA
37,2019,Inter - Napoli,2 - 0,INT - NAP
37,2019,Lazio - Brescia,2 - 0,LAZ - BRE
37,2019,Sassuolo - Genoa,5 - 0,SAS - GEN
37,2019,Udinese - Lecce,1 - 2,UDI - LEC
37,2019,Sampdoria - Milan,1 - 4,SAM - MIL
37,2019,Verona - Spal,3 - 0,VER - SPA
37,2019,Fiorentina - Bologna,4 - 0,FIO - BOL
37,2019,Cagliari - Juventus,2 - 0,CAG - JUV
37,2019,Torino - Roma,2 - 3,TOR - ROM
38,2019,Brescia - Sampdoria,1 - 1,BRE - SAM
38,2019,Milan - Cagliari,3 - 0,MIL - CAG
38,2019,Atalanta - Inter,0 - 2,ATA - INT
38,2019,Napoli - Lazio,3 - 1,NAP - LAZ
38,2019,Juventus - Roma,1 - 3,JUV - ROM
38,2019,Spal - Fiorentina,1 - 3,SPA - FIO
38,2019,Genoa - Verona,3 - 0,GEN - VER
38,2019,Lecce - Parma,3 - 4,LEC - PAR
38,2019,Bologna - Torino,1 - 1,BOL - TOR
38,2019,Sassuolo - Udinese,0 - 1,SAS - UDI
1,2020,Fiorentina - Torino,1 - 0,FIO - TOR
1,2020,Verona - Roma,3 - 0,VER - ROM
1,2020,Parma - Napoli,0 - 2,PAR - NAP
1,2020,Genoa - Crotone,4 - 1,GEN - CRO
1,2020,Sassuolo - Cagliari,1 - 1,SAS - CAG
1,2020,Juventus - Sampdoria,3 - 0,JUV - SAM
1,2020,Milan - Bologna,2 - 0,MIL - BOL
1,2020,Benevento - Inter,2 - 5,BEN - INT
1,2020,Udinese - Spezia,0 - 2,UDI - SPE
1,2020,Lazio - Atalanta,1 - 4,LAZ - ATA
2,2020,Torino - Atalanta,2 - 4,TOR - ATA
2,2020,Cagliari - Lazio,0 - 2,CAG - LAZ
2,2020,Sampdoria - Benevento,2 - 3,SAM - BEN
2,2020,Inter - Fiorentina,4 - 3,INT - FIO
2,2020,Spezia - Sassuolo,1 - 4,SPE - SAS
2,2020,Verona - Udinese,1 - 0,VER - UDI
2,2020,Crotone - Milan,0 - 2,CRO - MIL
2,2020,Napoli - Genoa,6 - 0,NAP - GEN
2,2020,Roma - Juventus,2 - 2,ROM - JUV
2,2020,Bologna - Parma,4 - 1,BOL - PAR
3,2020,Fiorentina - Sampdoria,1 - 2,FIO - SAM
3,2020,Sassuolo - Crotone,4 - 1,SAS - CRO
3,2020,Udinese - Roma,0 - 1,UDI - ROM
3,2020,Atalanta - Cagliari,5 - 2,ATA - CAG
3,2020,Benevento - Bologna,1 - 0,BEN - BOL
3,2020,Lazio - Inter,1 - 1,LAZ - INT
3,2020,Parma - Verona,1 - 0,PAR - VER
3,2020,Milan - Spezia,3 - 0,MIL - SPE
3,2020,Genoa - Torino,1 - 2,GEN - TOR
3,2020,Juventus - Napoli,2 - 1,JUV - NAP
4,2020,Napoli - Atalanta,4 - 1,NAP - ATA
4,2020,Inter - Milan,1 - 2,INT - MIL
4,2020,Sampdoria - Lazio,3 - 0,SAM - LAZ
4,2020,Crotone - Juventus,1 - 1,CRO - JUV
4,2020,Bologna - Sassuolo,3 - 4,BOL - SAS
4,2020,Spezia - Fiorentina,2 - 2,SPE - FIO
4,2020,Torino - Cagliari,2 - 3,TOR - CAG
4,2020,Udinese - Parma,3 - 2,UDI - PAR
4,2020,Roma - Benevento,5 - 2,ROM - BEN
4,2020,Verona - Genoa,0 - 0,VER - GEN
5,2020,Sassuolo - Torino,3 - 3,SAS - TOR
5,2020,Atalanta - Sampdoria,1 - 3,ATA - SAM
5,2020,Genoa - Inter,0 - 2,GEN - INT
5,2020,Lazio - Bologna,2 - 1,LAZ - BOL
5,2020,Cagliari - Crotone,4 - 2,CAG - CRO
5,2020,Benevento - Napoli,1 - 2,BEN - NAP
5,2020,Parma - Spezia,2 - 2,PAR - SPE
5,2020,Fiorentina - Udinese,3 - 2,FIO - UDI
5,2020,Juventus - Verona,1 - 1,JUV - VER
5,2020,Milan - Roma,3 - 3,MIL - ROM
6,2020,Crotone - Atalanta,1 - 2,CRO - ATA
6,2020,Inter - Parma,2 - 2,INT - PAR
6,2020,Bologna - Cagliari,3 - 2,BOL - CAG
6,2020,Udinese - Milan,1 - 2,UDI - MIL
6,2020,Spezia - Juventus,1 - 4,SPE - JUV
6,2020,Torino - Lazio,3 - 4,TOR - LAZ
6,2020,Napoli - Sassuolo,0 - 2,NAP - SAS
6,2020,Roma - Fiorentina,2 - 0,ROM - FIO
6,2020,Sampdoria - Genoa,1 - 1,SAM - GEN
6,2020,Verona - Benevento,3 - 1,VER - BEN
7,2020,Sassuolo - Udinese,0 - 0,SAS - UDI
7,2020,Cagliari - Sampdoria,2 - 0,CAG - SAM
7,2020,Benevento - Spezia,0 - 3,BEN - SPE
7,2020,Parma - Fiorentina,0 - 0,PAR - FIO
7,2020,Lazio - Juventus,1 - 1,LAZ - JUV
7,2020,Atalanta - Inter,1 - 1,ATA - INT
7,2020,Genoa - Roma,1 - 3,GEN - ROM
7,2020,Torino - Crotone,0 - 0,TOR - CRO
7,2020,Bologna - Napoli,0 - 1,BOL - NAP
7,2020,Milan - Verona,2 - 2,MIL - VER
8,2020,Crotone - Lazio,0 - 2,CRO - LAZ
8,2020,Spezia - Atalanta,0 - 0,SPE - ATA
8,2020,Juventus - Cagliari,2 - 0,JUV - CAG
8,2020,Fiorentina - Benevento,0 - 1,FIO - BEN
8,2020,Inter - Torino,4 - 2,INT - TOR
8,2020,Roma - Parma,3 - 0,ROM - PAR
8,2020,Sampdoria - Bologna,1 - 2,SAM - BOL
8,2020,Verona - Sassuolo,0 - 2,VER - SAS
8,2020,Udinese - Genoa,1 - 0,UDI - GEN
8,2020,Napoli - Milan,1 - 3,NAP - MIL
9,2020,Sassuolo - Inter,0 - 3,SAS - INT
9,2020,Benevento - Juventus,1 - 1,BEN - JUV
9,2020,Atalanta - Verona,0 - 2,ATA - VER
9,2020,Lazio - Udinese,1 - 3,LAZ - UDI
9,2020,Bologna - Crotone,1 - 0,BOL - CRO
9,2020,Milan - Fiorentina,2 - 0,MIL - FIO
9,2020,Cagliari - Spezia,2 - 2,CAG - SPE
9,2020,Napoli - Roma,4 - 0,NAP - ROM
9,2020,Torino - Sampdoria,2 - 2,TOR - SAM
9,2020,Genoa - Parma,1 - 2,GEN - PAR
10,2020,Spezia - Lazio,1 - 2,SPE - LAZ
10,2020,Juventus - Torino,2 - 1,JUV - TOR
10,2020,Inter - Bologna,3 - 1,INT - BOL
10,2020,Verona - Cagliari,1 - 1,VER - CAG
10,2020,Parma - Benevento,0 - 0,PAR - BEN
10,2020,Roma - Sassuolo,0 - 0,ROM - SAS
10,2020,Crotone - Napoli,0 - 4,CRO - NAP
10,2020,Sampdoria - Milan,1 - 2,SAM - MIL
10,2020,Fiorentina - Genoa,1 - 1,FIO - GEN
10,2020,Udinese - Atalanta,1 - 1,UDI - ATA
11,2020,Sassuolo - Benevento,1 - 0,SAS - BEN
11,2020,Crotone - Spezia,4 - 1,CRO - SPE
11,2020,Torino - Udinese,2 - 3,TOR - UDI
11,2020,Lazio - Verona,1 - 2,LAZ - VER
11,2020,Cagliari - Inter,1 - 3,CAG - INT
11,2020,Atalanta - Fiorentina,3 - 0,ATA - FIO
11,2020,Bologna - Roma,1 - 5,BOL - ROM
11,2020,Napoli - Sampdoria,2 - 1,NAP - SAM
11,2020,Genoa - Juventus,1 - 3,GEN - JUV
11,2020,Milan - Parma,2 - 2,MIL - PAR
12,2020,Udinese - Crotone,0 - 0,UDI - CRO
12,2020,Benevento - Lazio,1 - 1,BEN - LAZ
12,2020,Juventus - Atalanta,1 - 1,JUV - ATA
12,2020,Fiorentina - Sassuolo,1 - 1,FIO - SAS
12,2020,Genoa - Milan,2 - 2,GEN - MIL
12,2020,Inter - Napoli,1 - 0,INT - NAP
12,2020,Parma - Cagliari,0 - 0,PAR - CAG
12,2020,Spezia - Bologna,2 - 2,SPE - BOL
12,2020,Verona - Sampdoria,1 - 2,VER - SAM
12,2020,Roma - Torino,3 - 1,ROM - TOR
13,2020,Fiorentina - Verona,1 - 1,FIO - VER
13,2020,Sampdoria - Crotone,3 - 1,SAM - CRO
13,2020,Parma - Juventus,0 - 4,PAR - JUV
13,2020,Torino - Bologna,1 - 1,TOR - BOL
13,2020,Benevento - Genoa,2 - 0,BEN - GEN
13,2020,Cagliari - Udinese,1 - 1,CAG - UDI
13,2020,Inter - Spezia,2 - 1,INT - SPE
13,2020,Sassuolo - Milan,1 - 2,SAS - MIL
13,2020,Atalanta - Roma,4 - 1,ATA - ROM
13,2020,Lazio - Napoli,2 - 0,LAZ - NAP
14,2020,Crotone - Parma,2 - 1,CRO - PAR
14,2020,Juventus - Fiorentina,0 - 3,JUV - FIO
14,2020,Verona - Inter,1 - 2,VER - INT
14,2020,Bologna - Atalanta,2 - 2,BOL - ATA
14,2020,Milan - Lazio,3 - 2,MIL - LAZ
14,2020,Napoli - Torino,1 - 1,NAP - TOR
14,2020,Roma - Cagliari,3 - 2,ROM - CAG
14,2020,Sampdoria - Sassuolo,2 - 3,SAM - SAS
14,2020,Spezia - Genoa,1 - 2,SPE - GEN
14,2020,Udinese - Benevento,0 - 2,UDI - BEN
15,2020,Inter - Crotone,6 - 2,INT - CRO
15,2020,Atalanta - Sassuolo,5 - 1,ATA - SAS
15,2020,Cagliari - Napoli,1 - 4,CAG - NAP
15,2020,Fiorentina - Bologna,0 - 0,FIO - BOL
15,2020,Genoa - Lazio,1 - 1,GEN - LAZ
15,2020,Parma - Torino,0 - 3,PAR - TOR
15,2020,Roma - Sampdoria,1 - 0,ROM - SAM
15,2020,Spezia - Verona,0 - 1,SPE - VER
15,2020,Benevento - Milan,0 - 2,BEN - MIL
15,2020,Juventus - Udinese,4 - 1,JUV - UDI
16,2020,Cagliari - Benevento,1 - 2,CAG - BEN
16,2020,Atalanta - Parma,3 - 0,ATA - PAR
16,2020,Bologna - Udinese,2 - 2,BOL - UDI
16,2020,Crotone - Roma,1 - 3,CRO - ROM
16,2020,Lazio - Fiorentina,2 - 1,LAZ - FIO
16,2020,Sampdoria - Inter,2 - 1,SAM - INT
16,2020,Sassuolo - Genoa,2 - 1,SAS - GEN
16,2020,Torino - Verona,1 - 1,TOR - VER
16,2020,Napoli - Spezia,1 - 2,NAP - SPE
16,2020,Milan - Juventus,1 - 3,MIL - JUV
17,2020,Benevento - Atalanta,1 - 4,BEN - ATA
17,2020,Genoa - Bologna,2 - 0,GEN - BOL
17,2020,Milan - Torino,2 - 0,MIL - TOR
17,2020,Roma - Inter,2 - 2,ROM - INT
17,2020,Parma - Lazio,0 - 2,PAR - LAZ
17,2020,Udinese - Napoli,1 - 2,UDI - NAP
17,2020,Verona - Crotone,2 - 1,VER - CRO
17,2020,Fiorentina - Cagliari,1 - 0,FIO - CAG
17,2020,Juventus - Sassuolo,3 - 1,JUV - SAS
17,2020,Spezia - Sampdoria,2 - 1,SPE - SAM
18,2020,Lazio - Roma,3 - 0,LAZ - ROM
18,2020,Bologna - Verona,1 - 0,BOL - VER
18,2020,Torino - Spezia,0 - 0,TOR - SPE
18,2020,Sampdoria - Udinese,2 - 1,SAM - UDI
18,2020,Napoli - Fiorentina,6 - 0,NAP - FIO
18,2020,Crotone - Benevento,4 - 1,CRO - BEN
18,2020,Sassuolo - Parma,1 - 1,SAS - PAR
18,2020,Atalanta - Genoa,0 - 0,ATA - GEN
18,2020,Inter - Juventus,2 - 0,INT - JUV
18,2020,Cagliari - Milan,0 - 2,CAG - MIL
19,2020,Benevento - Torino,2 - 2,BEN - TOR
19,2020,Roma - Spezia,4 - 3,ROM - SPE
19,2020,Milan - Atalanta,0 - 3,MIL - ATA
19,2020,Udinese - Inter,0 - 0,UDI - INT
19,2020,Fiorentina - Crotone,2 - 1,FIO - CRO
19,2020,Juventus - Bologna,2 - 0,JUV - BOL
19,2020,Genoa - Cagliari,1 - 0,GEN - CAG
19,2020,Verona - Napoli,3 - 1,VER - NAP
19,2020,Lazio - Sassuolo,2 - 1,LAZ - SAS
19,2020,Parma - Sampdoria,0 - 2,PAR - SAM
20,2020,Torino - Fiorentina,1 - 1,TOR - FIO
20,2020,Bologna - Milan,1 - 2,BOL - MIL
20,2020,Sampdoria - Juventus,0 - 2,SAM - JUV
20,2020,Inter - Benevento,4 - 0,INT - BEN
20,2020,Spezia - Udinese,0 - 1,SPE - UDI
20,2020,Crotone - Genoa,0 - 3,CRO - GEN
20,2020,Atalanta - Lazio,1 - 3,ATA - LAZ
20,2020,Cagliari - Sassuolo,1 - 1,CAG - SAS
20,2020,Napoli - Parma,2 - 0,NAP - PAR
20,2020,Roma - Verona,3 - 1,ROM - VER
21,2020,Fiorentina - Inter,0 - 2,FIO - INT
21,2020,Sassuolo - Spezia,1 - 2,SAS - SPE
21,2020,Atalanta - Torino,3 - 3,ATA - TOR
21,2020,Juventus - Roma,2 - 0,JUV - ROM
21,2020,Genoa - Napoli,2 - 1,GEN - NAP
21,2020,Benevento - Sampdoria,1 - 1,BEN - SAM
21,2020,Milan - Crotone,4 - 0,MIL - CRO
21,2020,Udinese - Verona,2 - 0,UDI - VER
21,2020,Parma - Bologna,0 - 3,PAR - BOL
21,2020,Lazio - Cagliari,1 - 0,LAZ - CAG
22,2020,Bologna - Benevento,1 - 1,BOL - BEN
22,2020,Torino - Genoa,0 - 0,TOR - GEN
22,2020,Napoli - Juventus,1 - 0,NAP - JUV
22,2020,Spezia - Milan,2 - 0,SPE - MIL
22,2020,Roma - Udinese,3 - 0,ROM - UDI
22,2020,Cagliari - Atalanta,0 - 1,CAG - ATA
22,2020,Sampdoria - Fiorentina,2 - 1,SAM - FIO
22,2020,Crotone - Sassuolo,1 - 2,CRO - SAS
22,2020,Inter - Lazio,3 - 1,INT - LAZ
22,2020,Verona - Parma,2 - 1,VER - PAR
23,2020,Fiorentina - Spezia,3 - 0,FIO - SPE
23,2020,Cagliari - Torino,0 - 1,CAG - TOR
23,2020,Lazio - Sampdoria,1 - 0,LAZ - SAM
23,2020,Genoa - Verona,2 - 2,GEN - VER
23,2020,Sassuolo - Bologna,1 - 1,SAS - BOL
23,2020,Parma - Udinese,2 - 2,PAR - UDI
23,2020,Milan - Inter,0 - 3,MIL - INT
23,2020,Atalanta - Napoli,4 - 2,ATA - NAP
23,2020,Benevento - Roma,0 - 0,BEN - ROM
23,2020,Juventus - Crotone,3 - 0,JUV - CRO
24,2020,Spezia - Parma,2 - 2,SPE - PAR
24,2020,Bologna - Lazio,2 - 0,BOL - LAZ
24,2020,Verona - Juventus,1 - 1,VER - JUV
24,2020,Sampdoria - Atalanta,0 - 2,SAM - ATA
24,2020,Crotone - Cagliari,0 - 2,CRO - CAG
24,2020,Udinese - Fiorentina,1 - 0,UDI - FIO
24,2020,Inter - Genoa,3 - 0,INT - GEN
24,2020,Napoli - Benevento,2 - 0,NAP - BEN
24,2020,Roma - Milan,1 - 2,ROM - MIL
24,2020,Torino - Sassuolo,3 - 2,TOR - SAS
25,2020,Juventus - Spezia,3 - 0,JUV - SPE
25,2020,Sassuolo - Napoli,3 - 3,SAS - NAP
25,2020,Cagliari - Bologna,1 - 0,CAG - BOL
25,2020,Atalanta - Crotone,5 - 1,ATA - CRO
25,2020,Fiorentina - Roma,1 - 2,FIO - ROM
25,2020,Genoa - Sampdoria,1 - 1,GEN - SAM
25,2020,Milan - Udinese,1 - 1,MIL - UDI
25,2020,Benevento - Verona,0 - 3,BEN - VER
25,2020,Parma - Inter,1 - 2,PAR - INT
25,2020,Lazio - Torino,0 - 0,LAZ - TOR
26,2020,Spezia - Benevento,1 - 1,SPE - BEN
26,2020,Udinese - Sassuolo,2 - 0,UDI - SAS
26,2020,Juventus - Lazio,3 - 1,JUV - LAZ
26,2020,Roma - Genoa,1 - 0,ROM - GEN
26,2020,Verona - Milan,0 - 2,VER - MIL
26,2020,Fiorentina - Parma,3 - 3,FIO - PAR
26,2020,Crotone - Torino,4 - 2,CRO - TOR
26,2020,Sampdoria - Cagliari,2 - 2,SAM - CAG
26,2020,Napoli - Bologna,3 - 1,NAP - BOL
26,2020,Inter - Atalanta,1 - 0,INT - ATA
27,2020,Lazio - Crotone,3 - 2,LAZ - CRO
27,2020,Atalanta - Spezia,3 - 1,ATA - SPE
27,2020,Sassuolo - Verona,3 - 2,SAS - VER
27,2020,Benevento - Fiorentina,1 - 4,BEN - FIO
27,2020,Genoa - Udinese,1 - 1,GEN - UDI
27,2020,Bologna - Sampdoria,3 - 1,BOL - SAM
27,2020,Torino - Inter,1 - 2,TOR - INT
27,2020,Parma - Roma,2 - 0,PAR - ROM
27,2020,Cagliari - Juventus,1 - 3,CAG - JUV
27,2020,Milan - Napoli,0 - 1,MIL - NAP
28,2020,Parma - Genoa,1 - 2,PAR - GEN
28,2020,Crotone - Bologna,2 - 3,CRO - BOL
28,2020,Spezia - Cagliari,2 - 1,SPE - CAG
28,2020,Verona - Atalanta,0 - 2,VER - ATA
28,2020,Juventus - Benevento,0 - 1,JUV - BEN
28,2020,Udinese - Lazio,0 - 1,UDI - LAZ
28,2020,Sampdoria - Torino,1 - 0,SAM - TOR
28,2020,Fiorentina - Milan,2 - 3,FIO - MIL
28,2020,Roma - Napoli,0 - 2,ROM - NAP
28,2020,Inter - Sassuolo,2 - 1,INT - SAS
29,2020,Milan - Sampdoria,1 - 1,MIL - SAM
29,2020,Napoli - Crotone,4 - 3,NAP - CRO
29,2020,Genoa - Fiorentina,1 - 1,GEN - FIO
29,2020,Benevento - Parma,2 - 2,BEN - PAR
29,2020,Sassuolo - Roma,2 - 2,SAS - ROM
29,2020,Lazio - Spezia,2 - 1,LAZ - SPE
29,2020,Atalanta - Udinese,3 - 2,ATA - UDI
29,2020,Cagliari - Verona,0 - 2,CAG - VER
29,2020,Torino - Juventus,2 - 2,TOR - JUV
29,2020,Bologna - Inter,0 - 1,BOL - INT
30,2020,Spezia - Crotone,3 - 2,SPE - CRO
30,2020,Parma - Milan,1 - 3,PAR - MIL
30,2020,Udinese - Torino,0 - 1,UDI - TOR
30,2020,Inter - Cagliari,1 - 0,INT - CAG
30,2020,Juventus - Genoa,3 - 1,JUV - GEN
30,2020,Verona - Lazio,0 - 1,VER - LAZ
30,2020,Sampdoria - Napoli,0 - 2,SAM - NAP
30,2020,Roma - Bologna,1 - 0,ROM - BOL
30,2020,Fiorentina - Atalanta,2 - 3,FIO - ATA
30,2020,Benevento - Sassuolo,0 - 1,BEN - SAS
31,2020,Crotone - Udinese,1 - 2,CRO - UDI
31,2020,Sampdoria - Verona,3 - 1,SAM - VER
31,2020,Sassuolo - Fiorentina,3 - 1,SAS - FIO
31,2020,Cagliari - Parma,4 - 3,CAG - PAR
31,2020,Milan - Genoa,2 - 1,MIL - GEN
31,2020,Lazio - Benevento,5 - 3,LAZ - BEN
31,2020,Atalanta - Juventus,1 - 0,ATA - JUV
31,2020,Bologna - Spezia,4 - 1,BOL - SPE
31,2020,Torino - Roma,3 - 1,TOR - ROM
31,2020,Napoli - Inter,1 - 1,NAP - INT
32,2020,Verona - Fiorentina,1 - 2,VER - FIO
32,2020,Milan - Sassuolo,1 - 2,MIL - SAS
32,2020,Genoa - Benevento,2 - 2,GEN - BEN
32,2020,Udinese - Cagliari,0 - 1,UDI - CAG
32,2020,Spezia - Inter,1 - 1,SPE - INT
32,2020,Juventus - Parma,3 - 1,JUV - PAR
32,2020,Crotone - Sampdoria,0 - 1,CRO - SAM
32,2020,Bologna - Torino,1 - 1,BOL - TOR
32,2020,Roma - Atalanta,1 - 1,ROM - ATA
32,2020,Napoli - Lazio,5 - 2,NAP - LAZ
33,2020,Genoa - Spezia,2 - 0,GEN - SPE
33,2020,Parma - Crotone,3 - 4,PAR - CRO
33,2020,Sassuolo - Sampdoria,1 - 0,SAS - SAM
33,2020,Benevento - Udinese,2 - 4,BEN - UDI
33,2020,Fiorentina - Juventus,1 - 1,FIO - JUV
33,2020,Inter - Verona,1 - 0,INT - VER
33,2020,Cagliari - Roma,3 - 2,CAG - ROM
33,2020,Atalanta - Bologna,5 - 0,ATA - BOL
33,2020,Torino - Napoli,0 - 2,TOR - NAP
33,2020,Lazio - Milan,3 - 0,LAZ - MIL
34,2020,Verona - Spezia,1 - 1,VER - SPE
34,2020,Crotone - Inter,0 - 2,CRO - INT
34,2020,Milan - Benevento,2 - 0,MIL - BEN
34,2020,Lazio - Genoa,4 - 3,LAZ - GEN
34,2020,Sassuolo - Atalanta,1 - 1,SAS - ATA
34,2020,Napoli - Cagliari,1 - 1,NAP - CAG
34,2020,Bologna - Fiorentina,3 - 3,BOL - FIO
34,2020,Udinese - Juventus,1 - 2,UDI - JUV
34,2020,Sampdoria - Roma,2 - 0,SAM - ROM
34,2020,Torino - Parma,1 - 0,TOR - PAR
35,2020,Udinese - Bologna,1 - 1,UDI - BOL
35,2020,Spezia - Napoli,1 - 4,SPE - NAP
35,2020,Inter - Sampdoria,5 - 1,INT - SAM
35,2020,Fiorentina - Lazio,2 - 0,FIO - LAZ
35,2020,Genoa - Sassuolo,1 - 2,GEN - SAS
35,2020,Parma - Atalanta,2 - 5,PAR - ATA
35,2020,Benevento - Cagliari,1 - 3,BEN - CAG
35,2020,Verona - Torino,1 - 1,VER - TOR
35,2020,Roma - Crotone,5 - 0,ROM - CRO
35,2020,Juventus - Milan,0 - 3,JUV - MIL
36,2020,Napoli - Udinese,5 - 1,NAP - UDI
36,2020,Cagliari - Fiorentina,0 - 0,CAG - FIO
36,2020,Atalanta - Benevento,2 - 0,ATA - BEN
36,2020,Bologna - Genoa,0 - 2,BOL - GEN
36,2020,Sassuolo - Juventus,1 - 3,SAS - JUV
36,2020,Torino - Milan,0 - 7,TOR - MIL
36,2020,Lazio - Parma,1 - 0,LAZ - PAR
36,2020,Inter - Roma,3 - 1,INT - ROM
36,2020,Sampdoria - Spezia,2 - 2,SAM - SPE
36,2020,Crotone - Verona,2 - 1,CRO - VER
37,2020,Genoa - Atalanta,3 - 4,GEN - ATA
37,2020,Spezia - Torino,4 - 1,SPE - TOR
37,2020,Juventus - Inter,3 - 2,JUV - INT
37,2020,Roma - Lazio,2 - 0,ROM - LAZ
37,2020,Fiorentina - Napoli,0 - 2,FIO - NAP
37,2020,Benevento - Crotone,1 - 1,BEN - CRO
37,2020,Udinese - Sampdoria,0 - 1,UDI - SAM
37,2020,Parma - Sassuolo,1 - 3,PAR - SAS
37,2020,Milan - Cagliari,0 - 0,MIL - CAG
37,2020,Verona - Bologna,2 - 2,VER - BOL
38,2020,Crotone - Fiorentina,0 - 0,CRO - FIO
38,2020,Cagliari - Genoa,0 - 1,CAG - GEN
38,2020,Sampdoria - Parma,3 - 0,SAM - PAR
38,2020,Inter - Udinese,5 - 1,INT - UDI
38,2020,Torino - Benevento,1 - 1,TOR - BEN
38,2020,Bologna - Juventus,1 - 4,BOL - JUV
38,2020,Sassuolo - Lazio,2 - 0,SAS - LAZ
38,2020,Atalanta - Milan,0 - 2,ATA - MIL
38,2020,Spezia - Roma,2 - 2,SPE - ROM
38,2020,Napoli - Verona,1 - 1,NAP - VER
1,2021,Verona - Sassuolo,2 - 3,VER - SAS
1,2021,Inter - Genoa,4 - 0,INT - GEN
1,2021,Empoli - Lazio,1 - 3,EMP - LAZ
1,2021,Torino - Atalanta,1 - 2,TOR - ATA
1,2021,Bologna - Salernitana,3 - 2,BOL - SAL
1,2021,Udinese - Juventus,2 - 2,UDI - JUV
1,2021,Napoli - Venezia,2 - 0,NAP - VEN
1,2021,Roma - Fiorentina,3 - 1,ROM - FIO
1,2021,Cagliari - Spezia,2 - 2,CAG - SPE
1,2021,Sampdoria - Milan,0 - 1,SAM - MIL
2,2021,Udinese - Venezia,3 - 0,UDI - VEN
2,2021,Verona - Inter,1 - 3,VER - INT
2,2021,Atalanta - Bologna,0 - 0,ATA - BOL
2,2021,Lazio - Spezia,6 - 1,LAZ - SPE
2,2021,Fiorentina - Torino,2 - 1,FIO - TOR
2,2021,Juventus - Empoli,0 - 1,JUV - EMP
2,2021,Genoa - Napoli,1 - 2,GEN - NAP
2,2021,Sassuolo - Sampdoria,0 - 0,SAS - SAM
2,2021,Milan - Cagliari,4 - 1,MIL - CAG
2,2021,Salernitana - Roma,0 - 4,SAL - ROM
3,2021,Empoli - Venezia,1 - 2,EMP - VEN
3,2021,Napoli - Juventus,2 - 1,NAP - JUV
3,2021,Atalanta - Fiorentina,1 - 2,ATA - FIO
3,2021,Sampdoria - Inter,2 - 2,SAM - INT
3,2021,Cagliari - Genoa,2 - 3,CAG - GEN
3,2021,Spezia - Udinese,0 - 1,SPE - UDI
3,2021,Torino - Salernitana,4 - 0,TOR - SAL
3,2021,Milan - Lazio,2 - 0,MIL - LAZ
3,2021,Roma - Sassuolo,2 - 1,ROM - SAS
3,2021,Bologna - Verona,1 - 0,BOL - VER
4,2021,Sassuolo - Torino,0 - 1,SAS - TOR
4,2021,Genoa - Fiorentina,1 - 2,GEN - FIO
4,2021,Inter - Bologna,6 - 1,INT - BOL
4,2021,Salernitana - Atalanta,0 - 1,SAL - ATA
4,2021,Empoli - Sampdoria,0 - 3,EMP - SAM
4,2021,Venezia - Spezia,1 - 2,VEN - SPE
4,2021,Verona - Roma,3 - 2,VER - ROM
4,2021,Lazio - Cagliari,2 - 2,LAZ - CAG
4,2021,Juventus - Milan,1 - 1,JUV - MIL
4,2021,Udinese - Napoli,0 - 4,UDI - NAP
5,2021,Bologna - Genoa,2 - 2,BOL - GEN
5,2021,Atalanta - Sassuolo,2 - 1,ATA - SAS
5,2021,Fiorentina - Inter,1 - 3,FIO - INT
5,2021,Salernitana - Verona,2 - 2,SAL - VER
5,2021,Spezia - Juventus,2 - 3,SPE - JUV
5,2021,Cagliari - Empoli,0 - 2,CAG - EMP
5,2021,Milan - Venezia,2 - 0,MIL - VEN
5,2021,Sampdoria - Napoli,0 - 4,SAM - NAP
5,2021,Torino - Lazio,1 - 1,TOR - LAZ
5,2021,Roma - Udinese,1 - 0,ROM - UDI
6,2021,Spezia - Milan,1 - 2,SPE - MIL
6,2021,Inter - Atalanta,2 - 2,INT - ATA
6,2021,Genoa - Verona,3 - 3,GEN - VER
6,2021,Juventus - Sampdoria,3 - 2,JUV - SAM
6,2021,Empoli - Bologna,4 - 2,EMP - BOL
6,2021,Sassuolo - Salernitana,1 - 0,SAS - SAL
6,2021,Udinese - Fiorentina,0 - 1,UDI - FIO
6,2021,Lazio - Roma,3 - 2,LAZ - ROM
6,2021,Napoli - Cagliari,2 - 0,NAP - CAG
6,2021,Venezia - Torino,1 - 1,VEN - TOR
7,2021,Cagliari - Venezia,1 - 1,CAG - VEN
7,2021,Salernitana - Genoa,1 - 0,SAL - GEN
7,2021,Torino - Juventus,0 - 1,TOR - JUV
7,2021,Sassuolo - Inter,1 - 2,SAS - INT
7,2021,Bologna - Lazio,3 - 0,BOL - LAZ
7,2021,Verona - Spezia,4 - 0,VER - SPE
7,2021,Sampdoria - Udinese,3 - 3,SAM - UDI
7,2021,Fiorentina - Napoli,1 - 2,FIO - NAP
7,2021,Roma - Empoli,2 - 0,ROM - EMP
7,2021,Atalanta - Milan,2 - 3,ATA - MIL
8,2021,Spezia - Salernitana,2 - 1,SPE - SAL
8,2021,Lazio - Inter,3 - 1,LAZ - INT
8,2021,Milan - Verona,3 - 2,MIL - VER
8,2021,Cagliari - Sampdoria,3 - 1,CAG - SAM
8,2021,Empoli - Atalanta,1 - 4,EMP - ATA
8,2021,Genoa - Sassuolo,2 - 2,GEN - SAS
8,2021,Udinese - Bologna,1 - 1,UDI - BOL
8,2021,Napoli - Torino,1 - 0,NAP - TOR
8,2021,Juventus - Roma,1 - 0,JUV - ROM
8,2021,Venezia - Fiorentina,1 - 0,VEN - FIO
9,2021,Torino - Genoa,3 - 2,TOR - GEN
9,2021,Sampdoria - Spezia,2 - 1,SAM - SPE
9,2021,Salernitana - Empoli,2 - 4,SAL - EMP
9,2021,Sassuolo - Venezia,3 - 1,SAS - VEN
9,2021,Bologna - Milan,2 - 4,BOL - MIL
9,2021,Atalanta - Udinese,1 - 1,ATA - UDI
9,2021,Fiorentina - Cagliari,3 - 0,FIO - CAG
9,2021,Verona - Lazio,4 - 1,VER - LAZ
9,2021,Roma - Napoli,0 - 0,ROM - NAP
9,2021,Inter - Juventus,1 - 1,INT - JUV
10,2021,Spezia - Genoa,1 - 1,SPE - GEN
10,2021,Venezia - Salernitana,1 - 2,VEN - SAL
10,2021,Milan - Torino,1 - 0,MIL - TOR
10,2021,Juventus - Sassuolo,1 - 2,JUV - SAS
10,2021,Sampdoria - Atalanta,1 - 3,SAM - ATA
10,2021,Udinese - Verona,1 - 1,UDI - VER
10,2021,Cagliari - Roma,1 - 2,CAG - ROM
10,2021,Empoli - Inter,0 - 2,EMP - INT
10,2021,Lazio - Fiorentina,1 - 0,LAZ - FIO
10,2021,Napoli - Bologna,3 - 0,NAP - BOL
11,2021,Atalanta - Lazio,2 - 2,ATA - LAZ
11,2021,Verona - Juventus,2 - 1,VER - JUV
11,2021,Torino - Sampdoria,3 - 0,TOR - SAM
11,2021,Inter - Udinese,2 - 0,INT - UDI
11,2021,Fiorentina - Spezia,3 - 0,FIO - SPE
11,2021,Genoa - Venezia,0 - 0,GEN - VEN
11,2021,Sassuolo - Empoli,1 - 2,SAS - EMP
11,2021,Salernitana - Napoli,0 - 1,SAL - NAP
11,2021,Roma - Milan,1 - 2,ROM - MIL
11,2021,Bologna - Cagliari,2 - 0,BOL - CAG
12,2021,Empoli - Genoa,2 - 2,EMP - GEN
12,2021,Spezia - Torino,1 - 0,SPE - TOR
12,2021,Juventus - Fiorentina,1 - 0,JUV - FIO
12,2021,Cagliari - Atalanta,1 - 2,CAG - ATA
12,2021,Venezia - Roma,3 - 2,VEN - ROM
12,2021,Sampdoria - Bologna,1 - 2,SAM - BOL
12,2021,Udinese - Sassuolo,3 - 2,UDI - SAS
12,2021,Lazio - Salernitana,3 - 0,LAZ - SAL
12,2021,Napoli - Verona,1 - 1,NAP - VER
12,2021,Milan - Inter,1 - 1,MIL - INT
13,2021,Atalanta - Spezia,5 - 2,ATA - SPE
13,2021,Lazio - Juventus,0 - 2,LAZ - JUV
13,2021,Fiorentina - Milan,4 - 3,FIO - MIL
13,2021,Sassuolo - Cagliari,2 - 2,SAS - CAG
13,2021,Bologna - Venezia,0 - 1,BOL - VEN
13,2021,Salernitana - Sampdoria,0 - 2,SAL - SAM
13,2021,Inter - Napoli,3 - 2,INT - NAP
13,2021,Genoa - Roma,0 - 2,GEN - ROM
13,2021,Verona - Empoli,2 - 1,VER - EMP
13,2021,Torino - Udinese,2 - 1,TOR - UDI
14,2021,Cagliari - Salernitana,1 - 1,CAG - SAL
14,2021,Empoli - Fiorentina,2 - 1,EMP - FIO
14,2021,Sampdoria - Verona,3 - 1,SAM - VER
14,2021,Juventus - Atalanta,0 - 1,JUV - ATA
14,2021,Venezia - Inter,0 - 2,VEN - INT
14,2021,Udinese - Genoa,0 - 0,UDI - GEN
14,2021,Milan - Sassuolo,1 - 3,MIL - SAS
14,2021,Spezia - Bologna,0 - 1,SPE - BOL
14,2021,Roma - Torino,1 - 0,ROM - TOR
14,2021,Napoli - Lazio,4 - 0,NAP - LAZ
15,2021,Atalanta - Venezia,4 - 0,ATA - VEN
15,2021,Fiorentina - Sampdoria,3 - 1,FIO - SAM
15,2021,Verona - Cagliari,0 - 0,VER - CAG
15,2021,Salernitana - Juventus,0 - 2,SAL - JUV
15,2021,Bologna - Roma,1 - 0,BOL - ROM
15,2021,Inter - Spezia,2 - 0,INT - SPE
15,2021,Genoa - Milan,0 - 3,GEN - MIL
15,2021,Sassuolo - Napoli,2 - 2,SAS - NAP
15,2021,Torino - Empoli,2 - 2,TOR - EMP
15,2021,Lazio - Udinese,4 - 4,LAZ - UDI
16,2021,Milan - Salernitana,2 - 0,MIL - SAL
16,2021,Roma - Inter,0 - 3,ROM - INT
16,2021,Napoli - Atalanta,2 - 3,NAP - ATA
16,2021,Bologna - Fiorentina,2 - 3,BOL - FIO
16,2021,Spezia - Sassuolo,2 - 2,SPE - SAS
16,2021,Venezia - Verona,3 - 4,VEN - VER
16,2021,Sampdoria - Lazio,1 - 3,SAM - LAZ
16,2021,Juventus - Genoa,2 - 0,JUV - GEN
16,2021,Empoli - Udinese,3 - 1,EMP - UDI
16,2021,Cagliari - Torino,1 - 1,CAG - TOR
17,2021,Genoa - Sampdoria,1 - 3,GEN - SAM
17,2021,Fiorentina - Salernitana,4 - 0,FIO - SAL
17,2021,Venezia - Juventus,1 - 1,VEN - JUV
17,2021,Udinese - Milan,1 - 1,UDI - MIL
17,2021,Torino - Bologna,2 - 1,TOR - BOL
17,2021,Verona - Atalanta,1 - 2,VER - ATA
17,2021,Napoli - Empoli,0 - 1,NAP - EMP
17,2021,Sassuolo - Lazio,2 - 1,SAS - LAZ
17,2021,Inter - Cagliari,4 - 0,INT - CAG
17,2021,Roma - Spezia,2 - 0,ROM - SPE
18,2021,Lazio - Genoa,3 - 1,LAZ - GEN
18,2021,Salernitana - Inter,0 - 5,SAL - INT
18,2021,Atalanta - Roma,1 - 4,ATA - ROM
18,2021,Bologna - Juventus,0 - 2,BOL - JUV
18,2021,Cagliari - Udinese,0 - 4,CAG - UDI
18,2021,Fiorentina - Sassuolo,2 - 2,FIO - SAS
18,2021,Spezia - Empoli,1 - 1,SPE - EMP
18,2021,Sampdoria - Venezia,1 - 1,SAM - VEN
18,2021,Torino - Verona,1 - 0,TOR - VER
18,2021,Milan - Napoli,0 - 1,MIL - NAP
19,2021,Genoa - Atalanta,0 - 0,GEN - ATA
19,2021,Juventus - Cagliari,2 - 0,JUV - CAG
19,2021,Sassuolo - Bologna,0 - 3,SAS - BOL
19,2021,Venezia - Lazio,1 - 3,VEN - LAZ
19,2021,Verona - Fiorentina,1 - 1,VER - FIO
19,2021,Inter - Torino,1 - 0,INT - TOR
19,2021,Roma - Sampdoria,1 - 1,ROM - SAM
19,2021,Empoli - Milan,2 - 4,EMP - MIL
19,2021,Napoli - Spezia,0 - 1,NAP - SPE
19,2021,Udinese - Salernitana,0 - 1,UDI - SAL
20,2021,Sampdoria - Cagliari,1 - 2,SAM - CAG
20,2021,Lazio - Empoli,3 - 3,LAZ - EMP
20,2021,Spezia - Verona,1 - 2,SPE - VER
20,2021,Sassuolo - Genoa,1 - 1,SAS - GEN
20,2021,Milan - Roma,3 - 1,MIL - ROM
20,2021,Juventus - Napoli,1 - 1,JUV - NAP
20,2021,Fiorentina - Udinese,0 - 4,FIO - UDI
20,2021,Atalanta - Torino,4 - 4,ATA - TOR
20,2021,Bologna - Inter,2 - 1,BOL - INT
20,2021,Salernitana - Venezia,2 - 1,SAL - VEN
21,2021,Venezia - Milan,0 - 3,VEN - MIL
21,2021,Empoli - Sassuolo,1 - 5,EMP - SAS
21,2021,Napoli - Sampdoria,1 - 0,NAP - SAM
21,2021,Udinese - Atalanta,2 - 6,UDI - ATA
21,2021,Genoa - Spezia,0 - 1,GEN - SPE
21,2021,Roma - Juventus,3 - 4,ROM - JUV
21,2021,Verona - Salernitana,1 - 2,VER - SAL
21,2021,Inter - Lazio,2 - 1,INT - LAZ
21,2021,Torino - Fiorentina,4 - 0,TOR - FIO
21,2021,Cagliari - Bologna,2 - 1,CAG - BOL
22,2021,Sampdoria - Torino,1 - 2,SAM - TOR
22,2021,Salernitana - Lazio,0 - 3,SAL - LAZ
22,2021,Juventus - Udinese,2 - 0,JUV - UDI
22,2021,Sassuolo - Verona,2 - 4,SAS - VER
22,2021,Venezia - Empoli,1 - 1,VEN - EMP
22,2021,Roma - Cagliari,1 - 0,ROM - CAG
22,2021,Atalanta - Inter,0 - 0,ATA - INT
22,2021,Bologna - Napoli,0 - 2,BOL - NAP
22,2021,Milan - Spezia,1 - 2,MIL - SPE
22,2021,Fiorentina - Genoa,6 - 0,FIO - GEN
23,2021,Verona - Bologna,2 - 1,VER - BOL
23,2021,Genoa - Udinese,0 - 0,GEN - UDI
23,2021,Inter - Venezia,2 - 1,INT - VEN
23,2021,Lazio - Atalanta,0 - 0,LAZ - ATA
23,2021,Cagliari - Fiorentina,1 - 1,CAG - FIO
23,2021,Napoli - Salernitana,4 - 1,NAP - SAL
23,2021,Spezia - Sampdoria,1 - 0,SPE - SAM
23,2021,Torino - Sassuolo,1 - 1,TOR - SAS
23,2021,Empoli - Roma,2 - 4,EMP - ROM
23,2021,Milan - Juventus,0 - 0,MIL - JUV
24,2021,Roma - Genoa,0 - 0,ROM - GEN
24,2021,Inter - Milan,1 - 2,INT - MIL
24,2021,Fiorentina - Lazio,0 - 3,FIO - LAZ
24,2021,Atalanta - Cagliari,1 - 2,ATA - CAG
24,2021,Bologna - Empoli,0 - 0,BOL - EMP
24,2021,Sampdoria - Sassuolo,4 - 0,SAM - SAS
24,2021,Venezia - Napoli,0 - 2,VEN - NAP
24,2021,Udinese - Torino,2 - 0,UDI - TOR
24,2021,Juventus - Verona,2 - 0,JUV - VER
24,2021,Salernitana - Spezia,2 - 2,SAL - SPE
25,2021,Lazio - Bologna,3 - 0,LAZ - BOL
25,2021,Napoli - Inter,1 - 1,NAP - INT
25,2021,Torino - Venezia,1 - 2,TOR - VEN
25,2021,Milan - Sampdoria,1 - 0,MIL - SAM
25,2021,Empoli - Cagliari,1 - 1,EMP - CAG
25,2021,Genoa - Salernitana,1 - 1,GEN - SAL
25,2021,Verona - Udinese,4 - 0,VER - UDI
25,2021,Sassuolo - Roma,2 - 2,SAS - ROM
25,2021,Atalanta - Juventus,1 - 1,ATA - JUV
25,2021,Spezia - Fiorentina,1 - 2,SPE - FIO
26,2021,Juventus - Torino,1 - 1,JUV - TOR
26,2021,Sampdoria - Empoli,2 - 0,SAM - EMP
26,2021,Roma - Verona,2 - 2,ROM - VER
26,2021,Salernitana - Milan,2 - 2,SAL - MIL
26,2021,Fiorentina - Atalanta,1 - 0,FIO - ATA
26,2021,Venezia - Genoa,1 - 1,VEN - GEN
26,2021,Inter - Sassuolo,0 - 2,INT - SAS
26,2021,Udinese - Lazio,1 - 1,UDI - LAZ
26,2021,Cagliari - Napoli,1 - 1,CAG - NAP
26,2021,Bologna - Spezia,2 - 1,BOL - SPE
27,2021,Milan - Udinese,1 - 1,MIL - UDI
27,2021,Genoa - Inter,0 - 0,GEN - INT
27,2021,Salernitana - Bologna,1 - 1,SAL - BOL
27,2021,Empoli - Juventus,2 - 3,EMP - JUV
27,2021,Sassuolo - Fiorentina,2 - 1,SAS - FIO
27,2021,Torino - Cagliari,1 - 2,TOR - CAG
27,2021,Verona - Venezia,3 - 1,VER - VEN
27,2021,Spezia - Roma,0 - 1,SPE - ROM
27,2021,Lazio - Napoli,1 - 2,LAZ - NAP
27,2021,Atalanta - Sampdoria,4 - 0,ATA - SAM
28,2021,Inter - Salernitana,5 - 0,INT - SAL
28,2021,Udinese - Sampdoria,2 - 1,UDI - SAM
28,2021,Roma - Atalanta,1 - 0,ROM - ATA
28,2021,Cagliari - Lazio,0 - 3,CAG - LAZ
28,2021,Genoa - Empoli,0 - 0,GEN - EMP
28,2021,Bologna - Torino,0 - 0,BOL - TOR
28,2021,Fiorentina - Verona,1 - 1,FIO - VER
28,2021,Venezia - Sassuolo,1 - 4,VEN - SAS
28,2021,Juventus - Spezia,1 - 0,JUV - SPE
28,2021,Napoli - Milan,0 - 1,NAP - MIL
29,2021,Salernitana - Sassuolo,2 - 2,SAL - SAS
29,2021,Spezia - Cagliari,2 - 0,SPE - CAG
29,2021,Sampdoria - Juventus,1 - 3,SAM - JUV
29,2021,Milan - Empoli,1 - 0,MIL - EMP
29,2021,Fiorentina - Bologna,1 - 0,FIO - BOL
29,2021,Verona - Napoli,1 - 2,VER - NAP
29,2021,Atalanta - Genoa,0 - 0,ATA - GEN
29,2021,Udinese - Roma,1 - 1,UDI - ROM
29,2021,Torino - Inter,1 - 1,TOR - INT
29,2021,Lazio - Venezia,1 - 0,LAZ - VEN
30,2021,Sassuolo - Spezia,4 - 1,SAS - SPE
30,2021,Genoa - Torino,1 - 0,GEN - TOR
30,2021,Napoli - Udinese,2 - 1,NAP - UDI
30,2021,Inter - Fiorentina,1 - 1,INT - FIO
30,2021,Cagliari - Milan,0 - 1,CAG - MIL
30,2021,Venezia - Sampdoria,0 - 2,VEN - SAM
30,2021,Empoli - Verona,1 - 1,EMP - VER
30,2021,Juventus - Salernitana,2 - 0,JUV - SAL
30,2021,Roma - Lazio,3 - 0,ROM - LAZ
30,2021,Bologna - Atalanta,0 - 1,BOL - ATA
31,2021,Spezia - Venezia,1 - 0,SPE - VEN
31,2021,Lazio - Sassuolo,2 - 1,LAZ - SAS
31,2021,Salernitana - Torino,0 - 1,SAL - TOR
31,2021,Fiorentina - Empoli,1 - 0,FIO - EMP
31,2021,Atalanta - Napoli,1 - 3,ATA - NAP
31,2021,Udinese - Cagliari,5 - 1,UDI - CAG
31,2021,Sampdoria - Roma,0 - 1,SAM - ROM
31,2021,Juventus - Inter,0 - 1,JUV - INT
31,2021,Verona - Genoa,1 - 0,VER - GEN
31,2021,Milan - Bologna,0 - 0,MIL - BOL
32,2021,Empoli - Spezia,0 - 0,EMP - SPE
32,2021,Inter - Verona,2 - 0,INT - VER
32,2021,Cagliari - Juventus,1 - 2,CAG - JUV
32,2021,Genoa - Lazio,1 - 4,GEN - LAZ
32,2021,Napoli - Fiorentina,2 - 3,NAP - FIO
32,2021,Sassuolo - Atalanta,2 - 1,SAS - ATA
32,2021,Venezia - Udinese,1 - 2,VEN - UDI
32,2021,Roma - Salernitana,2 - 1,ROM - SAL
32,2021,Torino - Milan,0 - 0,TOR - MIL
32,2021,Bologna - Sampdoria,2 - 0,BOL - SAM
33,2021,Spezia - Inter,1 - 3,SPE - INT
33,2021,Milan - Genoa,2 - 0,MIL - GEN
33,2021,Cagliari - Sassuolo,1 - 0,CAG - SAS
33,2021,Sampdoria - Salernitana,1 - 2,SAM - SAL
33,2021,Udinese - Empoli,4 - 1,UDI - EMP
33,2021,Fiorentina - Venezia,1 - 0,FIO - VEN
33,2021,Juventus - Bologna,1 - 1,JUV - BOL
33,2021,Lazio - Torino,1 - 1,LAZ - TOR
33,2021,Napoli - Roma,1 - 1,NAP - ROM
33,2021,Atalanta - Verona,1 - 2,ATA - VER
34,2021,Torino - Spezia,2 - 1,TOR - SPE
34,2021,Venezia - Atalanta,1 - 3,VEN - ATA
34,2021,Inter - Roma,3 - 1,INT - ROM
34,2021,Verona - Sampdoria,1 - 1,VER - SAM
34,2021,Salernitana - Fiorentina,2 - 1,SAL - FIO
34,2021,Bologna - Udinese,2 - 2,BOL - UDI
34,2021,Empoli - Napoli,3 - 2,EMP - NAP
34,2021,Genoa - Cagliari,1 - 0,GEN - CAG
34,2021,Lazio - Milan,1 - 2,LAZ - MIL
34,2021,Sassuolo - Juventus,1 - 2,SAS - JUV
35,2021,Cagliari - Verona,1 - 2,CAG - VER
35,2021,Napoli - Sassuolo,6 - 1,NAP - SAS
35,2021,Sampdoria - Genoa,1 - 0,SAM - GEN
35,2021,Spezia - Lazio,3 - 4,SPE - LAZ
35,2021,Juventus - Venezia,2 - 1,JUV - VEN
35,2021,Empoli - Torino,1 - 3,EMP - TOR
35,2021,Milan - Fiorentina,1 - 0,MIL - FIO
35,2021,Udinese - Inter,1 - 2,UDI - INT
35,2021,Roma - Bologna,0 - 0,ROM - BOL
35,2021,Atalanta - Salernitana,1 - 1,ATA - SAL
36,2021,Inter - Empoli,4 - 2,INT - EMP
36,2021,Genoa - Juventus,2 - 1,GEN - JUV
36,2021,Torino - Napoli,0 - 1,TOR - NAP
36,2021,Sassuolo - Udinese,1 - 1,SAS - UDI
36,2021,Lazio - Sampdoria,2 - 0,LAZ - SAM
36,2021,Spezia - Atalanta,1 - 3,SPE - ATA
36,2021,Venezia - Bologna,4 - 3,VEN - BOL
36,2021,Salernitana - Cagliari,1 - 1,SAL - CAG
36,2021,Verona - Milan,1 - 3,VER - MIL
36,2021,Fiorentina - Roma,2 - 0,FIO - ROM
37,2021,Empoli - Salernitana,1 - 1,EMP - SAL
37,2021,Verona - Torino,0 - 1,VER - TOR
37,2021,Udinese - Spezia,2 - 3,UDI - SPE
37,2021,Roma - Venezia,1 - 1,ROM - VEN
37,2021,Bologna - Sassuolo,1 - 3,BOL - SAS
37,2021,Napoli - Genoa,3 - 0,NAP - GEN
37,2021,Milan - Atalanta,2 - 0,MIL - ATA
37,2021,Cagliari - Inter,1 - 3,CAG - INT
37,2021,Sampdoria - Fiorentina,4 - 1,SAM - FIO
37,2021,Juventus - Lazio,2 - 2,JUV - LAZ
38,2021,Torino - Roma,0 - 3,TOR - ROM
38,2021,Genoa - Bologna,0 - 1,GEN - BOL
38,2021,Atalanta - Empoli,0 - 1,ATA - EMP
38,2021,Fiorentina - Juventus,2 - 0,FIO - JUV
38,2021,Lazio - Verona,3 - 3,LAZ - VER
38,2021,Spezia - Napoli,0 - 3,SPE - NAP
38,2021,Inter - Sampdoria,3 - 0,INT - SAM
38,2021,Sassuolo - Milan,0 - 3,SAS - MIL
38,2021,Salernitana - Udinese,0 - 4,SAL - UDI
38,2021,Venezia - Cagliari,0 - 0,VEN - CAG
1,2022,Milan - Udinese,4 - 2,MIL - UDI
1,2022,Sampdoria - Atalanta,0 - 2,SAM - ATA
1,2022,Lecce - Inter,1 - 2,LEC - INT
1,2022,Monza - Torino,1 - 2,MON - TOR
1,2022,Fiorentina - Cremonese,3 - 2,FIO - CRE
1,2022,Lazio - Bologna,2 - 1,LAZ - BOL
1,2022,Salernitana - Roma,0 - 1,SAL - ROM
1,2022,Spezia - Empoli,1 - 0,SPE - EMP
1,2022,Verona - Napoli,2 - 5,VER - NAP
1,2022,Juventus - Sassuolo,3 - 0,JUV - SAS
2,2022,Torino - Lazio,0 - 0,TOR - LAZ
2,2022,Udinese - Salernitana,0 - 0,UDI - SAL
2,2022,Inter - Spezia,3 - 0,INT - SPE
2,2022,Sassuolo - Lecce,1 - 0,SAS - LEC
2,2022,Empoli - Fiorentina,0 - 0,EMP - FIO
2,2022,Napoli - Monza,4 - 0,NAP - MON
2,2022,Atalanta - Milan,1 - 1,ATA - MIL
2,2022,Bologna - Verona,1 - 1,BOL - VER
2,2022,Roma - Cremonese,1 - 0,ROM - CRE
2,2022,Sampdoria - Juventus,0 - 0,SAM - JUV
3,2022,Monza - Udinese,1 - 2,MON - UDI
3,2022,Lazio - Inter,3 - 1,LAZ - INT
3,2022,Cremonese - Torino,1 - 2,CRE - TOR
3,2022,Juventus - Roma,1 - 1,JUV - ROM
3,2022,Milan - Bologna,2 - 0,MIL - BOL
3,2022,Spezia - Sassuolo,2 - 2,SPE - SAS
3,2022,Verona - Atalanta,0 - 1,VER - ATA
3,2022,Salernitana - Sampdoria,4 - 0,SAL - SAM
3,2022,Fiorentina - Napoli,0 - 0,FIO - NAP
3,2022,Lecce - Empoli,1 - 1,LEC - EMP
4,2022,Sassuolo - Milan,0 - 0,SAS - MIL
4,2022,Inter - Cremonese,3 - 1,INT - CRE
4,2022,Roma - Monza,3 - 0,ROM - MON
4,2022,Empoli - Verona,1 - 1,EMP - VER
4,2022,Sampdoria - Lazio,1 - 1,SAM - LAZ
4,2022,Udinese - Fiorentina,1 - 0,UDI - FIO
4,2022,Juventus - Spezia,2 - 0,JUV - SPE
4,2022,Napoli - Lecce,1 - 1,NAP - LEC
4,2022,Atalanta - Torino,3 - 1,ATA - TOR
4,2022,Bologna - Salernitana,1 - 1,BOL - SAL
5,2022,Fiorentina - Juventus,1 - 1,FIO - JUV
5,2022,Milan - Inter,3 - 2,MIL - INT
5,2022,Lazio - Napoli,1 - 2,LAZ - NAP
5,2022,Cremonese - Sassuolo,0 - 0,CRE - SAS
5,2022,Spezia - Bologna,2 - 2,SPE - BOL
5,2022,Verona - Sampdoria,2 - 1,VER - SAM
5,2022,Udinese - Roma,4 - 0,UDI - ROM
5,2022,Monza - Atalanta,0 - 2,MON - ATA
5,2022,Salernitana - Empoli,2 - 2,SAL - EMP
5,2022,Torino - Lecce,1 - 0,TOR - LEC
6,2022,Napoli - Spezia,1 - 0,NAP - SPE
6,2022,Inter - Torino,1 - 0,INT - TOR
6,2022,Sampdoria - Milan,1 - 2,SAM - MIL
6,2022,Atalanta - Cremonese,1 - 1,ATA - CRE
6,2022,Bologna - Fiorentina,2 - 1,BOL - FIO
6,2022,Lecce - Monza,1 - 1,LEC - MON
6,2022,Sassuolo - Udinese,1 - 3,SAS - UDI
6,2022,Lazio - Verona,2 - 0,LAZ - VER
6,2022,Juventus - Salernitana,2 - 2,JUV - SAL
6,2022,Empoli - Roma,1 - 2,EMP - ROM
7,2022,Salernitana - Lecce,1 - 2,SAL - LEC
7,2022,Bologna - Empoli,0 - 1,BOL - EMP
7,2022,Spezia - Sampdoria,2 - 1,SPE - SAM
7,2022,Torino - Sassuolo,0 - 1,TOR - SAS
7,2022,Udinese - Inter,3 - 1,UDI - INT
7,2022,Cremonese - Lazio,0 - 4,CRE - LAZ
7,2022,Fiorentina - Verona,2 - 0,FIO - VER
7,2022,Monza - Juventus,1 - 0,MON - JUV
7,2022,Roma - Atalanta,0 - 1,ROM - ATA
7,2022,Milan - Napoli,1 - 2,MIL - NAP
8,2022,Napoli - Torino,3 - 1,NAP - TOR
8,2022,Inter - Roma,1 - 2,INT - ROM
8,2022,Empoli - Milan,1 - 3,EMP - MIL
8,2022,Lazio - Spezia,4 - 0,LAZ - SPE
8,2022,Lecce - Cremonese,1 - 1,LEC - CRE
8,2022,Sampdoria - Monza,0 - 3,SAM - MON
8,2022,Sassuolo - Salernitana,5 - 0,SAS - SAL
8,2022,Atalanta - Fiorentina,1 - 0,ATA - FIO
8,2022,Juventus - Bologna,3 - 0,JUV - BOL
8,2022,Verona - Udinese,1 - 2,VER - UDI
9,2022,Sassuolo - Inter,1 - 2,SAS - INT
9,2022,Milan - Juventus,2 - 0,MIL - JUV
9,2022,Bologna - Sampdoria,1 - 1,BOL - SAM
9,2022,Torino - Empoli,1 - 1,TOR - EMP
9,2022,Monza - Spezia,2 - 0,MON - SPE
9,2022,Salernitana - Verona,2 - 1,SAL - VER
9,2022,Udinese - Atalanta,2 - 2,UDI - ATA
9,2022,Cremonese - Napoli,1 - 4,CRE - NAP
9,2022,Roma - Lecce,2 - 1,ROM - LEC
9,2022,Fiorentina - Lazio,0 - 4,FIO - LAZ
10,2022,Empoli - Monza,1 - 0,EMP - MON
10,2022,Torino - Juventus,0 - 1,TOR - JUV
10,2022,Atalanta - Sassuolo,2 - 1,ATA - SAS
10,2022,Inter - Salernitana,2 - 0,INT - SAL
10,2022,Lazio - Udinese,0 - 0,LAZ - UDI
10,2022,Spezia - Cremonese,2 - 2,SPE - CRE
10,2022,Napoli - Bologna,3 - 2,NAP - BOL
10,2022,Verona - Milan,1 - 2,VER - MIL
10,2022,Sampdoria - Roma,0 - 1,SAM - ROM
10,2022,Lecce - Fiorentina,1 - 1,LEC - FIO
11,2022,Juventus - Empoli,4 - 0,JUV - EMP
11,2022,Salernitana - Spezia,1 - 0,SAL - SPE
11,2022,Milan - Monza,4 - 1,MIL - MON
11,2022,Fiorentina - Inter,3 - 4,FIO - INT
11,2022,Udinese - Torino,1 - 2,UDI - TOR
11,2022,Bologna - Lecce,2 - 0,BOL - LEC
11,2022,Atalanta - Lazio,0 - 2,ATA - LAZ
11,2022,Roma - Napoli,0 - 1,ROM - NAP
11,2022,Cremonese - Sampdoria,0 - 1,CRE - SAM
11,2022,Sassuolo - Verona,2 - 1,SAS - VER
12,2022,Napoli - Sassuolo,4 - 0,NAP - SAS
12,2022,Lecce - Juventus,0 - 1,LEC - JUV
12,2022,Inter - Sampdoria,3 - 0,INT - SAM
12,2022,Empoli - Atalanta,0 - 2,EMP - ATA
12,2022,Cremonese - Udinese,0 - 0,CRE - UDI
12,2022,Spezia - Fiorentina,1 - 2,SPE - FIO
12,2022,Lazio - Salernitana,1 - 3,LAZ - SAL
12,2022,Torino - Milan,2 - 1,TOR - MIL
12,2022,Verona - Roma,1 - 3,VER - ROM
12,2022,Monza - Bologna,1 - 2,MON - BOL
13,2022,Udinese - Lecce,1 - 1,UDI - LEC
13,2022,Empoli - Sassuolo,1 - 0,EMP - SAS
13,2022,Salernitana - Cremonese,2 - 2,SAL - CRE
13,2022,Atalanta - Napoli,1 - 2,ATA - NAP
13,2022,Milan - Spezia,2 - 1,MIL - SPE
13,2022,Bologna - Torino,2 - 1,BOL - TOR
13,2022,Sampdoria - Fiorentina,0 - 2,SAM - FIO
13,2022,Monza - Verona,2 - 0,MON - VER
13,2022,Roma - Lazio,0 - 1,ROM - LAZ
13,2022,Juventus - Inter,2 - 0,JUV - INT
14,2022,Napoli - Empoli,2 - 0,NAP - EMP
14,2022,Spezia - Udinese,1 - 1,SPE - UDI
14,2022,Cremonese - Milan,0 - 0,CRE - MIL
14,2022,Lecce - Atalanta,2 - 1,LEC - ATA
14,2022,Sassuolo - Roma,1 - 1,SAS - ROM
14,2022,Fiorentina - Salernitana,2 - 1,FIO - SAL
14,2022,Inter - Bologna,6 - 1,INT - BOL
14,2022,Torino - Sampdoria,2 - 0,TOR - SAM
14,2022,Verona - Juventus,0 - 1,VER - JUV
14,2022,Lazio - Monza,1 - 0,LAZ - MON
15,2022,Empoli - Cremonese,2 - 0,EMP - CRE
15,2022,Napoli - Udinese,3 - 2,NAP - UDI
15,2022,Sampdoria - Lecce,0 - 2,SAM - LEC
15,2022,Bologna - Sassuolo,3 - 0,BOL - SAS
15,2022,Atalanta - Inter,2 - 3,ATA - INT
15,2022,Verona - Spezia,1 - 2,VER - SPE
15,2022,Monza - Salernitana,3 - 0,MON - SAL
15,2022,Roma - Torino,1 - 1,ROM - TOR
15,2022,Milan - Fiorentina,2 - 1,MIL - FIO
15,2022,Juventus - Lazio,3 - 0,JUV - LAZ
16,2022,Salernitana - Milan,1 - 2,SAL - MIL
16,2022,Sassuolo - Sampdoria,1 - 2,SAS - SAM
16,2022,Spezia - Atalanta,2 - 2,SPE - ATA
16,2022,Torino - Verona,1 - 1,TOR - VER
16,2022,Roma - Bologna,1 - 0,ROM - BOL
16,2022,Lecce - Lazio,2 - 1,LEC - LAZ
16,2022,Cremonese - Juventus,0 - 1,CRE - JUV
16,2022,Fiorentina - Monza,1 - 1,FIO - MON
16,2022,Inter - Napoli,1 - 0,INT - NAP
16,2022,Udinese - Empoli,1 - 1,UDI - EMP
17,2022,Fiorentina - Sassuolo,2 - 1,FIO - SAS
17,2022,Juventus - Udinese,1 - 0,JUV - UDI
17,2022,Monza - Inter,2 - 2,MON - INT
17,2022,Salernitana - Torino,1 - 1,SAL - TOR
17,2022,Lazio - Empoli,2 - 2,LAZ - EMP
17,2022,Spezia - Lecce,0 - 0,SPE - LEC
17,2022,Sampdoria - Napoli,0 - 2,SAM - NAP
17,2022,Milan - Roma,2 - 2,MIL - ROM
17,2022,Verona - Cremonese,2 - 0,VER - CRE
17,2022,Bologna - Atalanta,1 - 2,BOL - ATA
18,2022,Napoli - Juventus,5 - 1,NAP - JUV
18,2022,Cremonese - Monza,2 - 3,CRE - MON
18,2022,Lecce - Milan,2 - 2,LEC - MIL
18,2022,Inter - Verona,1 - 0,INT - VER
18,2022,Sassuolo - Lazio,0 - 2,SAS - LAZ
18,2022,Torino - Spezia,0 - 1,TOR - SPE
18,2022,Udinese - Bologna,1 - 2,UDI - BOL
18,2022,Atalanta - Salernitana,8 - 2,ATA - SAL
18,2022,Roma - Fiorentina,2 - 0,ROM - FIO
18,2022,Empoli - Sampdoria,1 - 0,EMP - SAM
19,2022,Verona - Lecce,2 - 0,VER - LEC
19,2022,Salernitana - Napoli,0 - 2,SAL - NAP
19,2022,Fiorentina - Torino,0 - 1,FIO - TOR
19,2022,Sampdoria - Udinese,0 - 1,SAM - UDI
19,2022,Monza - Sassuolo,1 - 1,MON - SAS
19,2022,Spezia - Roma,0 - 2,SPE - ROM
19,2022,Juventus - Atalanta,3 - 3,JUV - ATA
19,2022,Bologna - Cremonese,1 - 1,BOL - CRE
19,2022,Inter - Empoli,0 - 1,INT - EMP
19,2022,Lazio - Milan,4 - 0,LAZ - MIL
20,2022,Bologna - Spezia,2 - 0,BOL - SPE
20,2022,Lecce - Salernitana,1 - 2,LEC - SAL
20,2022,Empoli - Torino,2 - 2,EMP - TOR
20,2022,Cremonese - Inter,1 - 2,CRE - INT
20,2022,Atalanta - Sampdoria,2 - 0,ATA - SAM
20,2022,Milan - Sassuolo,2 - 5,MIL - SAS
20,2022,Juventus - Monza,0 - 2,JUV - MON
20,2022,Lazio - Fiorentina,1 - 1,LAZ - FIO
20,2022,Napoli - Roma,2 - 1,NAP - ROM
20,2022,Udinese - Verona,1 - 1,UDI - VER
21,2022,Cremonese - Lecce,0 - 2,CRE - LEC
21,2022,Roma - Empoli,2 - 0,ROM - EMP
21,2022,Sassuolo - Atalanta,1 - 0,SAS - ATA
21,2022,Spezia - Napoli,0 - 3,SPE - NAP
21,2022,Torino - Udinese,1 - 0,TOR - UDI
21,2022,Fiorentina - Bologna,1 - 2,FIO - BOL
21,2022,Inter - Milan,1 - 0,INT - MIL
21,2022,Verona - Lazio,1 - 1,VER - LAZ
21,2022,Monza - Sampdoria,2 - 2,MON - SAM
21,2022,Salernitana - Juventus,0 - 3,SAL - JUV
22,2022,Milan - Torino,1 - 0,MIL - TOR
22,2022,Empoli - Spezia,2 - 2,EMP - SPE
22,2022,Lecce - Roma,1 - 1,LEC - ROM
22,2022,Lazio - Atalanta,0 - 2,LAZ - ATA
22,2022,Udinese - Sassuolo,2 - 2,UDI - SAS
22,2022,Bologna - Monza,0 - 1,BOL - MON
22,2022,Juventus - Fiorentina,1 - 0,JUV - FIO
22,2022,Napoli - Cremonese,3 - 0,NAP - CRE
22,2022,Verona - Salernitana,1 - 0,VER - SAL
22,2022,Sampdoria - Inter,0 - 0,SAM - INT
23,2022,Sassuolo - Napoli,0 - 2,SAS - NAP
23,2022,Sampdoria - Bologna,1 - 2,SAM - BOL
23,2022,Monza - Milan,0 - 1,MON - MIL
23,2022,Inter - Udinese,3 - 1,INT - UDI
23,2022,Atalanta - Lecce,1 - 2,ATA - LEC
23,2022,Fiorentina - Empoli,1 - 1,FIO - EMP
23,2022,Salernitana - Lazio,0 - 2,SAL - LAZ
23,2022,Spezia - Juventus,0 - 2,SPE - JUV
23,2022,Roma - Verona,1 - 0,ROM - VER
23,2022,Torino - Cremonese,2 - 2,TOR - CRE
24,2022,Empoli - Napoli,0 - 2,EMP - NAP
24,2022,Lecce - Sassuolo,0 - 1,LEC - SAS
24,2022,Bologna - Inter,1 - 0,BOL - INT
24,2022,Salernitana - Monza,3 - 0,SAL - MON
24,2022,Udinese - Spezia,2 - 2,UDI - SPE
24,2022,Milan - Atalanta,2 - 0,MIL - ATA
24,2022,Verona - Fiorentina,0 - 3,VER - FIO
24,2022,Lazio - Sampdoria,1 - 0,LAZ - SAM
24,2022,Cremonese - Roma,2 - 1,CRE - ROM
24,2022,Juventus - Torino,4 - 2,JUV - TOR
25,2022,Napoli - Lazio,0 - 1,NAP - LAZ
25,2022,Monza - Empoli,2 - 1,MON - EMP
25,2022,Atalanta - Udinese,0 - 0,ATA - UDI
25,2022,Fiorentina - Milan,2 - 1,FIO - MIL
25,2022,Spezia - Verona,0 - 0,SPE - VER
25,2022,Sampdoria - Salernitana,0 - 0,SAM - SAL
25,2022,Inter - Lecce,2 - 0,INT - LEC
25,2022,Roma - Juventus,1 - 0,ROM - JUV
25,2022,Sassuolo - Cremonese,3 - 2,SAS - CRE
25,2022,Torino - Bologna,1 - 0,TOR - BOL
26,2022,Spezia - Inter,2 - 1,SPE - INT
26,2022,Empoli - Udinese,0 - 1,EMP - UDI
26,2022,Napoli - Atalanta,2 - 0,NAP - ATA
26,2022,Bologna - Lazio,0 - 0,BOL - LAZ
26,2022,Lecce - Torino,0 - 2,LEC - TOR
26,2022,Cremonese - Fiorentina,0 - 2,CRE - FIO
26,2022,Verona - Monza,1 - 1,VER - MON
26,2022,Roma - Sassuolo,3 - 4,ROM - SAS
26,2022,Juventus - Sampdoria,4 - 2,JUV - SAM
26,2022,Milan - Salernitana,1 - 1,MIL - SAL
27,2022,Sassuolo - Spezia,1 - 0,SAS - SPE
27,2022,Atalanta - Empoli,2 - 1,ATA - EMP
27,2022,Monza - Cremonese,1 - 1,MON - CRE
27,2022,Salernitana - Bologna,2 - 2,SAL - BOL
27,2022,Udinese - Milan,3 - 1,UDI - MIL
27,2022,Sampdoria - Verona,3 - 1,SAM - VER
27,2022,Fiorentina - Lecce,1 - 0,FIO - LEC
27,2022,Torino - Napoli,0 - 4,TOR - NAP
27,2022,Lazio - Roma,1 - 0,LAZ - ROM
27,2022,Inter - Juventus,0 - 1,INT - JUV
28,2022,Cremonese - Atalanta,1 - 3,CRE - ATA
28,2022,Inter - Fiorentina,0 - 1,INT - FIO
28,2022,Juventus - Verona,1 - 0,JUV - VER
28,2022,Bologna - Udinese,3 - 0,BOL - UDI
28,2022,Monza - Lazio,0 - 2,MON - LAZ
28,2022,Spezia - Salernitana,1 - 1,SPE - SAL
28,2022,Roma - Sampdoria,3 - 0,ROM - SAM
28,2022,Napoli - Milan,0 - 4,NAP - MIL
28,2022,Empoli - Lecce,1 - 0,EMP - LEC
28,2022,Sassuolo - Torino,1 - 1,SAS - TOR
29,2022,Salernitana - Inter,1 - 1,SAL - INT
29,2022,Lecce - Napoli,1 - 2,LEC - NAP
29,2022,Milan - Empoli,0 - 0,MIL - EMP
29,2022,Udinese - Monza,2 - 2,UDI - MON
29,2022,Fiorentina - Spezia,1 - 1,FIO - SPE
29,2022,Atalanta - Bologna,0 - 2,ATA - BOL
29,2022,Sampdoria - Cremonese,2 - 3,SAM - CRE
29,2022,Verona - Sassuolo,2 - 1,VER - SAS
29,2022,Torino - Roma,0 - 1,TOR - ROM
29,2022,Lazio - Juventus,2 - 1,LAZ - JUV
30,2022,Cremonese - Empoli,1 - 0,CRE - EMP
30,2022,Spezia - Lazio,0 - 3,SPE - LAZ
30,2022,Bologna - Milan,1 - 1,BOL - MIL
30,2022,Napoli - Verona,0 - 0,NAP - VER
30,2022,Inter - Monza,0 - 1,INT - MON
30,2022,Lecce - Sampdoria,1 - 1,LEC - SAM
30,2022,Torino - Salernitana,1 - 1,TOR - SAL
30,2022,Sassuolo - Juventus,1 - 0,SAS - JUV
30,2022,Roma - Udinese,3 - 0,ROM - UDI
30,2022,Fiorentina - Atalanta,1 - 1,FIO - ATA
31,2022,Verona - Bologna,2 - 1,VER - BOL
31,2022,Salernitana - Sassuolo,3 - 0,SAL - SAS
31,2022,Lazio - Torino,0 - 1,LAZ - TOR
31,2022,Sampdoria - Spezia,1 - 1,SAM - SPE
31,2022,Empoli - Inter,0 - 3,EMP - INT
31,2022,Udinese - Cremonese,3 - 0,UDI - CRE
31,2022,Monza - Fiorentina,3 - 2,MON - FIO
31,2022,Milan - Lecce,2 - 0,MIL - LEC
31,2022,Juventus - Napoli,0 - 1,JUV - NAP
31,2022,Atalanta - Roma,3 - 1,ATA - ROM
32,2022,Lecce - Udinese,1 - 0,LEC - UDI
32,2022,Spezia - Monza,0 - 2,SPE - MON
32,2022,Roma - Milan,1 - 1,ROM - MIL
32,2022,Torino - Atalanta,1 - 2,TOR - ATA
32,2022,Inter - Lazio,3 - 1,INT - LAZ
32,2022,Cremonese - Verona,1 - 1,CRE - VER
32,2022,Napoli - Salernitana,1 - 1,NAP - SAL
32,2022,Sassuolo - Empoli,2 - 1,SAS - EMP
32,2022,Fiorentina - Sampdoria,5 - 0,FIO - SAM
32,2022,Bologna - Juventus,1 - 1,BOL - JUV
33,2022,Atalanta - Spezia,3 - 2,ATA - SPE
33,2022,Juventus - Lecce,2 - 1,JUV - LEC
33,2022,Sampdoria - Torino,0 - 2,SAM - TOR
33,2022,Salernitana - Fiorentina,3 - 3,SAL - FIO
33,2022,Verona - Inter,0 - 6,VER - INT
33,2022,Lazio - Sassuolo,2 - 0,LAZ - SAS
33,2022,Monza - Roma,1 - 1,MON - ROM
33,2022,Milan - Cremonese,1 - 1,MIL - CRE
33,2022,Empoli - Bologna,3 - 1,EMP - BOL
33,2022,Udinese - Napoli,1 - 1,UDI - NAP
34,2022,Milan - Lazio,2 - 0,MIL - LAZ
34,2022,Roma - Inter,0 - 2,ROM - INT
34,2022,Cremonese - Spezia,2 - 0,CRE - SPE
34,2022,Atalanta - Juventus,0 - 2,ATA - JUV
34,2022,Torino - Monza,1 - 1,TOR - MON
34,2022,Napoli - Fiorentina,1 - 0,NAP - FIO
34,2022,Lecce - Verona,0 - 1,LEC - VER
34,2022,Empoli - Salernitana,2 - 1,EMP - SAL
34,2022,Udinese - Sampdoria,2 - 0,UDI - SAM
34,2022,Sassuolo - Bologna,1 - 1,SAS - BOL
35,2022,Lazio - Lecce,2 - 2,LAZ - LEC
35,2022,Salernitana - Atalanta,1 - 0,SAL - ATA
35,2022,Spezia - Milan,2 - 0,SPE - MIL
35,2022,Inter - Sassuolo,4 - 2,INT - SAS
35,2022,Verona - Torino,0 - 1,VER - TOR
35,2022,Fiorentina - Udinese,2 - 0,FIO - UDI
35,2022,Monza - Napoli,2 - 0,MON - NAP
35,2022,Bologna - Roma,0 - 0,BOL - ROM
35,2022,Juventus - Cremonese,2 - 0,JUV - CRE
35,2022,Sampdoria - Empoli,1 - 1,SAM - EMP
36,2022,Sassuolo - Monza,1 - 2,SAS - MON
36,2022,Cremonese - Bologna,1 - 5,CRE - BOL
36,2022,Atalanta - Verona,3 - 1,ATA - VER
36,2022,Milan - Sampdoria,5 - 1,MIL - SAM
36,2022,Lecce - Spezia,0 - 0,LEC - SPE
36,2022,Torino - Fiorentina,1 - 1,TOR - FIO
36,2022,Napoli - Inter,3 - 1,NAP - INT
36,2022,Udinese - Lazio,0 - 1,UDI - LAZ
36,2022,Roma - Salernitana,2 - 2,ROM - SAL
36,2022,Empoli - Juventus,4 - 1,EMP - JUV
37,2022,Sampdoria - Sassuolo,2 - 2,SAM - SAS
37,2022,Salernitana - Udinese,3 - 2,SAL - UDI
37,2022,Spezia - Torino,0 - 4,SPE - TOR
37,2022,Fiorentina - Roma,2 - 1,FIO - ROM
37,2022,Inter - Atalanta,3 - 2,INT - ATA
37,2022,Verona - Empoli,1 - 1,VER - EMP
37,2022,Bologna - Napoli,2 - 2,BOL - NAP
37,2022,Monza - Lecce,0 - 1,MON - LEC
37,2022,Lazio - Cremonese,3 - 2,LAZ - CRE
37,2022,Juventus - Milan,0 - 1,JUV - MIL
38,2022,Sassuolo - Fiorentina,1 - 3,SAS - FIO
38,2022,Torino - Inter,0 - 1,TOR - INT
38,2022,Cremonese - Salernitana,2 - 0,CRE - SAL
38,2022,Empoli - Lazio,0 - 2,EMP - LAZ
38,2022,Napoli - Sampdoria,2 - 0,NAP - SAM
38,2022,Atalanta - Monza,5 - 2,ATA - MON
38,2022,Roma - Spezia,2 - 1,ROM - SPE
38,2022,Lecce - Bologna,2 - 3,LEC - BOL
38,2022,Milan - Verona,3 - 1,MIL - VER
38,2022,Udinese - Juventus,0 - 1,UDI - JUV
1,2023,Empoli - Verona,0 - 1,EMP - VER
1,2023,Frosinone - Napoli,1 - 3,FRO - NAP
1,2023,Genoa - Fiorentina,1 - 4,GEN - FIO
1,2023,Inter - Monza,2 - 0,INT - MON
1,2023,Roma - Salernitana,2 - 2,ROM - SAL
1,2023,Sassuolo - Atalanta,0 - 2,SAS - ATA
1,2023,Lecce - Lazio,2 - 1,LEC - LAZ
1,2023,Udinese - Juventus,0 - 3,UDI - JUV
1,2023,Torino - Cagliari,0 - 0,TOR - CAG
1,2023,Bologna - Milan,0 - 2,BOL - MIL
2,2023,Frosinone - Atalanta,2 - 1,FRO - ATA
2,2023,Monza - Empoli,2 - 0,MON - EMP
2,2023,Verona - Roma,2 - 1,VER - ROM
2,2023,Milan - Torino,4 - 1,MIL - TOR
2,2023,Fiorentina - Lecce,2 - 2,FIO - LEC
2,2023,Juventus - Bologna,1 - 1,JUV - BOL
2,2023,Lazio - Genoa,0 - 1,LAZ - GEN
2,2023,Napoli - Sassuolo,2 - 0,NAP - SAS
2,2023,Salernitana - Udinese,1 - 1,SAL - UDI
2,2023,Cagliari - Inter,0 - 2,CAG - INT
3,2023,Sassuolo - Verona,3 - 1,SAS - VER
3,2023,Roma - Milan,1 - 2,ROM - MIL
3,2023,Bologna - Cagliari,2 - 1,BOL - CAG
3,2023,Udinese - Frosinone,0 - 0,UDI - FRO
3,2023,Atalanta - Monza,3 - 0,ATA - MON
3,2023,Napoli - Lazio,1 - 2,NAP - LAZ
3,2023,Inter - Fiorentina,4 - 0,INT - FIO
3,2023,Torino - Genoa,1 - 0,TOR - GEN
3,2023,Empoli - Juventus,0 - 2,EMP - JUV
3,2023,Lecce - Salernitana,2 - 0,LEC - SAL
4,2023,Juventus - Lazio,3 - 1,JUV - LAZ
4,2023,Inter - Milan,5 - 1,INT - MIL
4,2023,Genoa - Napoli,2 - 2,GEN - NAP
4,2023,Cagliari - Udinese,0 - 0,CAG - UDI
4,2023,Frosinone - Sassuolo,4 - 2,FRO - SAS
4,2023,Monza - Lecce,1 - 1,MON - LEC
4,2023,Fiorentina - Atalanta,3 - 2,FIO - ATA
4,2023,Roma - Empoli,7 - 0,ROM - EMP
4,2023,Salernitana - Torino,0 - 3,SAL - TOR
4,2023,Verona - Bologna,0 - 0,VER - BOL
5,2023,Salernitana - Frosinone,1 - 1,SAL - FRO
5,2023,Lecce - Genoa,1 - 0,LEC - GEN
5,2023,Milan - Verona,1 - 0,MIL - VER
5,2023,Sassuolo - Juventus,4 - 2,SAS - JUV
5,2023,Lazio - Monza,1 - 1,LAZ - MON
5,2023,Empoli - Inter,0 - 1,EMP - INT
5,2023,Atalanta - Cagliari,2 - 0,ATA - CAG
5,2023,Udinese - Fiorentina,0 - 2,UDI - FIO
5,2023,Bologna - Napoli,0 - 0,BOL - NAP
5,2023,Torino - Roma,1 - 1,TOR - ROM
6,2023,Juventus - Lecce,1 - 0,JUV - LEC
6,2023,Cagliari - Milan,1 - 3,CAG - MIL
6,2023,Empoli - Salernitana,1 - 0,EMP - SAL
6,2023,Verona - Atalanta,0 - 1,VER - ATA
6,2023,Inter - Sassuolo,1 - 2,INT - SAS
6,2023,Lazio - Torino,2 - 0,LAZ - TOR
6,2023,Napoli - Udinese,4 - 1,NAP - UDI
6,2023,Frosinone - Fiorentina,1 - 1,FRO - FIO
6,2023,Monza - Bologna,0 - 0,MON - BOL
6,2023,Genoa - Roma,4 - 1,GEN - ROM
7,2023,Lecce - Napoli,0 - 4,LEC - NAP
7,2023,Milan - Lazio,2 - 0,MIL - LAZ
7,2023,Salernitana - Inter,0 - 4,SAL - INT
7,2023,Bologna - Empoli,3 - 0,BOL - EMP
7,2023,Udinese - Genoa,2 - 2,UDI - GEN
7,2023,Atalanta - Juventus,0 - 0,ATA - JUV
7,2023,Roma - Frosinone,2 - 0,ROM - FRO
7,2023,Sassuolo - Monza,0 - 1,SAS - MON
7,2023,Torino - Verona,0 - 0,TOR - VER
7,2023,Fiorentina - Cagliari,3 - 0,FIO - CAG
8,2023,Empoli - Udinese,0 - 0,EMP - UDI
8,2023,Lecce - Sassuolo,1 - 1,LEC - SAS
8,2023,Inter - Bologna,2 - 2,INT - BOL
8,2023,Juventus - Torino,2 - 0,JUV - TOR
8,2023,Genoa - Milan,0 - 1,GEN - MIL
8,2023,Monza - Salernitana,3 - 0,MON - SAL
8,2023,Frosinone - Verona,2 - 1,FRO - VER
8,2023,Lazio - Atalanta,3 - 2,LAZ - ATA
8,2023,Cagliari - Roma,1 - 4,CAG - ROM
8,2023,Napoli - Fiorentina,1 - 3,NAP - FIO
9,2023,Verona - Napoli,1 - 3,VER - NAP
9,2023,Torino - Inter,0 - 3,TOR - INT
9,2023,Sassuolo - Lazio,0 - 2,SAS - LAZ
9,2023,Roma - Monza,1 - 0,ROM - MON
9,2023,Bologna - Frosinone,2 - 1,BOL - FRO
9,2023,Salernitana - Cagliari,2 - 2,SAL - CAG
9,2023,Atalanta - Genoa,2 - 0,ATA - GEN
9,2023,Milan - Juventus,0 - 1,MIL - JUV
9,2023,Udinese - Lecce,1 - 1,UDI - LEC
9,2023,Fiorentina - Empoli,0 - 2,FIO - EMP
10,2023,Genoa - Salernitana,1 - 0,GEN - SAL
10,2023,Sassuolo - Bologna,1 - 1,SAS - BOL
10,2023,Lecce - Torino,0 - 1,LEC - TOR
10,2023,Juventus - Verona,1 - 0,JUV - VER
10,2023,Cagliari - Frosinone,4 - 3,CAG - FRO
10,2023,Monza - Udinese,1 - 1,MON - UDI
10,2023,Inter - Roma,1 - 0,INT - ROM
10,2023,Napoli - Milan,2 - 2,NAP - MIL
10,2023,Empoli - Atalanta,0 - 3,EMP - ATA
10,2023,Lazio - Fiorentina,1 - 0,LAZ - FIO
11,2023,Bologna - Lazio,1 - 0,BOL - LAZ
11,2023,Salernitana - Napoli,0 - 2,SAL - NAP
11,2023,Atalanta - Inter,1 - 2,ATA - INT
11,2023,Milan - Udinese,0 - 1,MIL - UDI
11,2023,Verona - Monza,1 - 3,VER - MON
11,2023,Cagliari - Genoa,2 - 1,CAG - GEN
11,2023,Roma - Lecce,2 - 1,ROM - LEC
11,2023,Fiorentina - Juventus,0 - 1,FIO - JUV
11,2023,Frosinone - Empoli,2 - 1,FRO - EMP
11,2023,Torino - Sassuolo,2 - 1,TOR - SAS
12,2023,Sassuolo - Salernitana,2 - 2,SAS - SAL
12,2023,Genoa - Verona,1 - 0,GEN - VER
12,2023,Lecce - Milan,2 - 2,LEC - MIL
12,2023,Juventus - Cagliari,2 - 1,JUV - CAG
12,2023,Monza - Torino,1 - 1,MON - TOR
12,2023,Napoli - Empoli,0 - 1,NAP - EMP
12,2023,Fiorentina - Bologna,2 - 1,FIO - BOL
12,2023,Udinese - Atalanta,1 - 1,UDI - ATA
12,2023,Lazio - Roma,0 - 0,LAZ - ROM
12,2023,Inter - Frosinone,2 - 0,INT - FRO
13,2023,Salernitana - Lazio,2 - 1,SAL - LAZ
13,2023,Atalanta - Napoli,1 - 2,ATA - NAP
13,2023,Milan - Fiorentina,1 - 0,MIL - FIO
13,2023,Cagliari - Monza,1 - 1,CAG - MON
13,2023,Empoli - Sassuolo,3 - 4,EMP - SAS
13,2023,Frosinone - Genoa,2 - 1,FRO - GEN
13,2023,Roma - Udinese,3 - 1,ROM - UDI
13,2023,Juventus - Inter,1 - 1,JUV - INT
13,2023,Verona - Lecce,2 - 2,VER - LEC
13,2023,Bologna - Torino,2 - 0,BOL - TOR
14,2023,Monza - Juventus,1 - 2,MON - JUV
14,2023,Genoa - Empoli,1 - 1,GEN - EMP
14,2023,Lazio - Cagliari,1 - 0,LAZ - CAG
14,2023,Milan - Frosinone,3 - 1,MIL - FRO
14,2023,Lecce - Bologna,1 - 1,LEC - BOL
14,2023,Fiorentina - Salernitana,3 - 0,FIO - SAL
14,2023,Udinese - Verona,3 - 3,UDI - VER
14,2023,Sassuolo - Roma,1 - 2,SAS - ROM
14,2023,Napoli - Inter,0 - 3,NAP - INT
14,2023,Torino - Atalanta,3 - 0,TOR - ATA
15,2023,Juventus - Napoli,1 - 0,JUV - NAP
15,2023,Verona - Lazio,1 - 1,VER - LAZ
15,2023,Atalanta - Milan,3 - 2,ATA - MIL
15,2023,Inter - Udinese,4 - 0,INT - UDI
15,2023,Frosinone - Torino,0 - 0,FRO - TOR
15,2023,Monza - Genoa,1 - 0,MON - GEN
15,2023,Salernitana - Bologna,1 - 2,SAL - BOL
15,2023,Roma - Fiorentina,1 - 1,ROM - FIO
15,2023,Empoli - Lecce,1 - 1,EMP - LEC
15,2023,Cagliari - Sassuolo,2 - 1,CAG - SAS
16,2023,Genoa - Juventus,1 - 1,GEN - JUV
16,2023,Lecce - Frosinone,2 - 1,LEC - FRO
16,2023,Napoli - Cagliari,2 - 1,NAP - CAG
16,2023,Torino - Empoli,1 - 0,TOR - EMP
16,2023,Milan - Monza,3 - 0,MIL - MON
16,2023,Fiorentina - Verona,1 - 0,FIO - VER
16,2023,Udinese - Sassuolo,2 - 2,UDI - SAS
16,2023,Bologna - Roma,2 - 0,BOL - ROM
16,2023,Lazio - Inter,0 - 2,LAZ - INT
16,2023,Atalanta - Salernitana,4 - 1,ATA - SAL
17,2023,Empoli - Lazio,0 - 2,EMP - LAZ
17,2023,Sassuolo - Genoa,1 - 2,SAS - GEN
17,2023,Monza - Fiorentina,0 - 1,MON - FIO
17,2023,Salernitana - Milan,2 - 2,SAL - MIL
17,2023,Frosinone - Juventus,1 - 2,FRO - JUV
17,2023,Bologna - Atalanta,1 - 0,BOL - ATA
17,2023,Torino - Udinese,1 - 1,TOR - UDI
17,2023,Verona - Cagliari,2 - 0,VER - CAG
17,2023,Inter - Lecce,2 - 0,INT - LEC
17,2023,Roma - Napoli,2 - 0,ROM - NAP
18,2023,Fiorentina - Torino,1 - 0,FIO - TOR
18,2023,Napoli - Monza,0 - 0,NAP - MON
18,2023,Genoa - Inter,1 - 1,GEN - INT
18,2023,Lazio - Frosinone,3 - 1,LAZ - FRO
18,2023,Atalanta - Lecce,1 - 0,ATA - LEC
18,2023,Cagliari - Empoli,0 - 0,CAG - EMP
18,2023,Udinese - Bologna,3 - 0,UDI - BOL
18,2023,Verona - Salernitana,0 - 1,VER - SAL
18,2023,Milan - Sassuolo,1 - 0,MIL - SAS
18,2023,Juventus - Roma,1 - 0,JUV - ROM
19,2023,Bologna - Genoa,1 - 1,BOL - GEN
19,2023,Inter - Verona,2 - 1,INT - VER
19,2023,Frosinone - Monza,2 - 3,FRO - MON
19,2023,Lecce - Cagliari,1 - 1,LEC - CAG
19,2023,Sassuolo - Fiorentina,1 - 0,SAS - FIO
19,2023,Empoli - Milan,0 - 3,EMP - MIL
19,2023,Torino - Napoli,3 - 0,TOR - NAP
19,2023,Udinese - Lazio,1 - 2,UDI - LAZ
19,2023,Salernitana - Juventus,1 - 2,SAL - JUV
19,2023,Roma - Atalanta,1 - 1,ROM - ATA
20,2023,Genoa - Torino,0 - 0,GEN - TOR
20,2023,Napoli - Salernitana,2 - 1,NAP - SAL
20,2023,Verona - Empoli,2 - 1,VER - EMP
20,2023,Monza - Inter,1 - 5,MON - INT
20,2023,Lazio - Lecce,1 - 0,LAZ - LEC
20,2023,Cagliari - Bologna,2 - 1,CAG - BOL
20,2023,Fiorentina - Udinese,2 - 2,FIO - UDI
20,2023,Milan - Roma,3 - 1,MIL - ROM
20,2023,Atalanta - Frosinone,5 - 0,ATA - FRO
20,2023,Juventus - Sassuolo,3 - 0,JUV - SAS
21,2023,Roma - Verona,2 - 1,ROM - VER
21,2023,Udinese - Milan,2 - 3,UDI - MIL
21,2023,Frosinone - Cagliari,3 - 1,FRO - CAG
21,2023,Empoli - Monza,3 - 0,EMP - MON
21,2023,Salernitana - Genoa,1 - 2,SAL - GEN
21,2023,Lecce - Juventus,0 - 3,LEC - JUV
21,2023,Bologna - Fiorentina,2 - 0,BOL - FIO
21,2023,Torino - Lazio,0 - 2,TOR - LAZ
21,2023,Sassuolo - Napoli,1 - 6,SAS - NAP
21,2023,Inter - Atalanta,4 - 0,INT - ATA
22,2023,Cagliari - Torino,1 - 2,CAG - TOR
22,2023,Atalanta - Udinese,2 - 0,ATA - UDI
22,2023,Juventus - Empoli,1 - 1,JUV - EMP
22,2023,Milan - Bologna,2 - 2,MIL - BOL
22,2023,Genoa - Lecce,2 - 1,GEN - LEC
22,2023,Verona - Frosinone,1 - 1,VER - FRO
22,2023,Monza - Sassuolo,1 - 0,MON - SAS
22,2023,Lazio - Napoli,0 - 0,LAZ - NAP
22,2023,Fiorentina - Inter,0 - 1,FIO - INT
22,2023,Salernitana - Roma,1 - 2,SAL - ROM
23,2023,Lecce - Fiorentina,3 - 2,LEC - FIO
23,2023,Empoli - Genoa,0 - 0,EMP - GEN
23,2023,Udinese - Monza,0 - 0,UDI - MON
23,2023,Frosinone - Milan,2 - 3,FRO - MIL
23,2023,Bologna - Sassuolo,4 - 2,BOL - SAS
23,2023,Torino - Salernitana,0 - 0,TOR - SAL
23,2023,Napoli - Verona,2 - 1,NAP - VER
23,2023,Atalanta - Lazio,3 - 1,ATA - LAZ
23,2023,Inter - Juventus,1 - 0,INT - JUV
23,2023,Roma - Cagliari,4 - 0,ROM - CAG
24,2023,Salernitana - Empoli,1 - 3,SAL - EMP
24,2023,Cagliari - Lazio,1 - 3,CAG - LAZ
24,2023,Roma - Inter,2 - 4,ROM - INT
24,2023,Sassuolo - Torino,1 - 1,SAS - TOR
24,2023,Fiorentina - Frosinone,5 - 1,FIO - FRO
24,2023,Bologna - Lecce,4 - 0,BOL - LEC
24,2023,Monza - Verona,0 - 0,MON - VER
24,2023,Genoa - Atalanta,1 - 4,GEN - ATA
24,2023,Milan - Napoli,1 - 0,MIL - NAP
24,2023,Juventus - Udinese,0 - 1,JUV - UDI
25,2023,Torino - Lecce,2 - 0,TOR - LEC
25,2023,Inter - Salernitana,4 - 0,INT - SAL
25,2023,Napoli - Genoa,1 - 1,NAP - GEN
25,2023,Verona - Juventus,2 - 2,VER - JUV
25,2023,Atalanta - Sassuolo,3 - 0,ATA - SAS
25,2023,Lazio - Bologna,1 - 2,LAZ - BOL
25,2023,Empoli - Fiorentina,1 - 1,EMP - FIO
25,2023,Udinese - Cagliari,1 - 1,UDI - CAG
25,2023,Frosinone - Roma,0 - 3,FRO - ROM
25,2023,Monza - Milan,4 - 2,MON - MIL
26,2023,Bologna - Verona,2 - 0,BOL - VER
26,2023,Sassuolo - Empoli,2 - 3,SAS - EMP
26,2023,Salernitana - Monza,0 - 2,SAL - MON
26,2023,Genoa - Udinese,2 - 0,GEN - UDI
26,2023,Juventus - Frosinone,3 - 2,JUV - FRO
26,2023,Cagliari - Napoli,1 - 1,CAG - NAP
26,2023,Lecce - Inter,0 - 4,LEC - INT
26,2023,Milan - Atalanta,1 - 1,MIL - ATA
26,2023,Roma - Torino,3 - 2,ROM - TOR
26,2023,Fiorentina - Lazio,2 - 1,FIO - LAZ
27,2023,Lazio - Milan,0 - 1,LAZ - MIL
27,2023,Udinese - Salernitana,1 - 1,UDI - SAL
27,2023,Monza - Roma,1 - 4,MON - ROM
27,2023,Torino - Fiorentina,0 - 0,TOR - FIO
27,2023,Verona - Sassuolo,1 - 0,VER - SAS
27,2023,Empoli - Cagliari,0 - 1,EMP - CAG
27,2023,Frosinone - Lecce,1 - 1,FRO - LEC
27,2023,Atalanta - Bologna,1 - 2,ATA - BOL
27,2023,Napoli - Juventus,2 - 1,NAP - JUV
27,2023,Inter - Genoa,2 - 1,INT - GEN
28,2023,Napoli - Torino,1 - 1,NAP - TOR
28,2023,Cagliari - Salernitana,4 - 2,CAG - SAL
28,2023,Sassuolo - Frosinone,1 - 0,SAS - FRO
28,2023,Bologna - Inter,0 - 1,BOL - INT
28,2023,Genoa - Monza,2 - 3,GEN - MON
28,2023,Lecce - Verona,0 - 1,LEC - VER
28,2023,Milan - Empoli,1 - 0,MIL - EMP
28,2023,Juventus - Atalanta,2 - 2,JUV - ATA
28,2023,Fiorentina - Roma,2 - 2,FIO - ROM
28,2023,Lazio - Udinese,1 - 2,LAZ - UDI
29,2023,Empoli - Bologna,0 - 1,EMP - BOL
29,2023,Monza - Cagliari,1 - 0,MON - CAG
29,2023,Udinese - Torino,0 - 2,UDI - TOR
29,2023,Salernitana - Lecce,0 - 1,SAL - LEC
29,2023,Frosinone - Lazio,2 - 3,FRO - LAZ
29,2023,Juventus - Genoa,0 - 0,JUV - GEN
29,2023,Verona - Milan,1 - 3,VER - MIL
29,2023,Roma - Sassuolo,1 - 0,ROM - SAS
29,2023,Inter - Napoli,1 - 1,INT - NAP
29,2023,Atalanta - Fiorentina,2 - 3,ATA - FIO
30,2023,Napoli - Atalanta,0 - 3,NAP - ATA
30,2023,Genoa - Frosinone,1 - 1,GEN - FRO
30,2023,Torino - Monza,1 - 0,TOR - MON
30,2023,Lazio - Juventus,1 - 0,LAZ - JUV
30,2023,Fiorentina - Milan,1 - 2,FIO - MIL
30,2023,Bologna - Salernitana,3 - 0,BOL - SAL
30,2023,Cagliari - Verona,1 - 1,CAG - VER
30,2023,Sassuolo - Udinese,1 - 1,SAS - UDI
30,2023,Lecce - Roma,0 - 0,LEC - ROM
30,2023,Inter - Empoli,2 - 0,INT - EMP
31,2023,Salernitana - Sassuolo,2 - 2,SAL - SAS
31,2023,Milan - Lecce,3 - 0,MIL - LEC
31,2023,Roma - Lazio,1 - 0,ROM - LAZ
31,2023,Empoli - Torino,3 - 2,EMP - TOR
31,2023,Frosinone - Bologna,0 - 0,FRO - BOL
31,2023,Monza - Napoli,2 - 4,MON - NAP
31,2023,Cagliari - Atalanta,2 - 1,CAG - ATA
31,2023,Verona - Genoa,1 - 2,VER - GEN
31,2023,Juventus - Fiorentina,1 - 0,JUV - FIO
31,2023,Udinese - Inter,1 - 2,UDI - INT
32,2023,Lazio - Salernitana,4 - 1,LAZ - SAL
32,2023,Lecce - Empoli,1 - 0,LEC - EMP
32,2023,Torino - Juventus,0 - 0,TOR - JUV
32,2023,Bologna - Monza,0 - 0,BOL - MON
32,2023,Napoli - Frosinone,2 - 2,NAP - FRO
32,2023,Sassuolo - Milan,3 - 3,SAS - MIL
32,2023,Inter - Cagliari,2 - 2,INT - CAG
32,2023,Fiorentina - Genoa,1 - 1,FIO - GEN
32,2023,Atalanta - Verona,2 - 2,ATA - VER
32,2023,Udinese - Roma,1 - 2,UDI - ROM
33,2023,Genoa - Lazio,0 - 1,GEN - LAZ
33,2023,Cagliari - Juventus,2 - 2,CAG - JUV
33,2023,Empoli - Napoli,1 - 0,EMP - NAP
33,2023,Verona - Udinese,1 - 0,VER - UDI
33,2023,Sassuolo - Lecce,0 - 3,SAS - LEC
33,2023,Torino - Frosinone,0 - 0,TOR - FRO
33,2023,Salernitana - Fiorentina,0 - 2,SAL - FIO
33,2023,Monza - Atalanta,1 - 2,MON - ATA
33,2023,Roma - Bologna,1 - 3,ROM - BOL
33,2023,Milan - Inter,1 - 2,MIL - INT
34,2023,Frosinone - Salernitana,3 - 0,FRO - SAL
34,2023,Lecce - Monza,1 - 1,LEC - MON
34,2023,Juventus - Milan,0 - 0,JUV - MIL
34,2023,Lazio - Verona,1 - 0,LAZ - VER
34,2023,Inter - Torino,2 - 0,INT - TOR
34,2023,Bologna - Udinese,1 - 1,BOL - UDI
34,2023,Atalanta - Empoli,2 - 0,ATA - EMP
34,2023,Napoli - Roma,2 - 2,NAP - ROM
34,2023,Fiorentina - Sassuolo,5 - 1,FIO - SAS
34,2023,Genoa - Cagliari,3 - 0,GEN - CAG
35,2023,Torino - Bologna,0 - 0,TOR - BOL
35,2023,Monza - Lazio,2 - 2,MON - LAZ
35,2023,Sassuolo - Inter,1 - 0,SAS - INT
35,2023,Cagliari - Lecce,1 - 1,CAG - LEC
35,2023,Empoli - Frosinone,0 - 0,EMP - FRO
35,2023,Verona - Fiorentina,2 - 1,VER - FIO
35,2023,Milan - Genoa,3 - 3,MIL - GEN
35,2023,Roma - Juventus,1 - 1,ROM - JUV
35,2023,Salernitana - Atalanta,1 - 2,SAL - ATA
35,2023,Udinese - Napoli,1 - 1,UDI - NAP
36,2023,Frosinone - Inter,0 - 5,FRO - INT
36,2023,Napoli - Bologna,0 - 2,NAP - BOL
36,2023,Milan - Cagliari,5 - 1,MIL - CAG
36,2023,Lazio - Empoli,2 - 0,LAZ - EMP
36,2023,Genoa - Sassuolo,2 - 1,GEN - SAS
36,2023,Verona - Torino,1 - 2,VER - TOR
36,2023,Juventus - Salernitana,1 - 1,JUV - SAL
36,2023,Atalanta - Roma,2 - 1,ATA - ROM
36,2023,Lecce - Udinese,0 - 2,LEC - UDI
36,2023,Fiorentina - Monza,2 - 1,FIO - MON
37,2023,Fiorentina - Napoli,2 - 2,FIO - NAP
37,2023,Lecce - Atalanta,0 - 2,LEC - ATA
37,2023,Torino - Milan,3 - 1,TOR - MIL
37,2023,Sassuolo - Cagliari,0 - 2,SAS - CAG
37,2023,Monza - Frosinone,0 - 1,MON - FRO
37,2023,Udinese - Empoli,1 - 1,UDI - EMP
37,2023,Inter - Lazio,1 - 1,INT - LAZ
37,2023,Roma - Genoa,1 - 0,ROM - GEN
37,2023,Salernitana - Verona,1 - 2,SAL - VER
37,2023,Bologna - Juventus,3 - 3,BOL - JUV
38,2023,Cagliari - Fiorentina,2 - 3,CAG - FIO
38,2023,Genoa - Bologna,2 - 0,GEN - BOL
38,2023,Juventus - Monza,2 - 0,JUV - MON
38,2023,Milan - Salernitana,3 - 3,MIL - SAL
38,2023,Atalanta - Torino,3 - 0,ATA - TOR
38,2023,Napoli - Lecce,0 - 0,NAP - LEC
38,2023,Empoli - Roma,2 - 1,EMP - ROM
38,2023,Frosinone - Udinese,0 - 1,FRO - UDI
38,2023,Verona - Inter,2 - 2,VER - INT
38,2023,Lazio - Sassuolo,1 - 1,LAZ - SAS
1,2024,Genoa - Inter,2 - 2,GEN - INT
1,2024,Parma - Fiorentina,1 - 1,PAR - FIO
1,2024,Empoli - Monza,0 - 0,EMP - MON
1,2024,Milan - Torino,2 - 2,MIL - TOR
1,2024,Bologna - Udinese,1 - 1,BOL - UDI
1,2024,Verona - Napoli,3 - 0,VER - NAP
1,2024,Cagliari - Roma,0 - 0,CAG - ROM
1,2024,Lazio - Venezia,3 - 1,LAZ - VEN
1,2024,Lecce - Atalanta,0 - 4,LEC - ATA
1,2024,Juventus - Como,3 - 0,JUV - COM
